I,I,1017
Maria,Maria,711
I,me,399
Jemima,Jemima,366
George,George,351
I,husband,284
George,Mr_Venables,259
wife,wife,249
Mr_Venables,George,236
Mr_Venables,Mr_Venables,213
I,George,209
I,Mr_Venables,194
I,it,186
mother,mother,161
Mr_S,Mr_S,161
Mr_S,S,161
S,Mr_S,161
S,S,161
I,heart,155
I,house,149
I,women,141
George,me,134
I,compassion,126
George,husband,125
Mr_Venables,me,124
Mr_Venables,husband,124
I,indignation,107
George,merchant,105
I,uncle,102
I,Mr_S,90
I,S,90
merchant,George,90
Jemima,Maria,88
Maria,Preux,88
uncle,uncle,88
Mr_Venables,I,88
George,I,88
I,mother,84
I,life,83
me,husband,81
I,father,76
I,society,73
boy,boy,73
son,George,73
I,soul,72
Maria,St_Preux,71
I,home,71
Maria,heart,68
Maria,hand,67
wife,I,65
merchant,Mr_Venables,64
merchant,merchant,64
uncle,me,63
I,landlady,63
I,tradesman,63
I,money,62
I,part,62
I,girl,62
Maria,Jemima,61
I,fancy,61
me,I,60
Maria,Darnford,59
Mr_Venables,merchant,59
I,myself,58
landlady,landlady,58
husband,husband,57
counsel,client,57
I,head,57
George,father,57
Maria,sentiments,55
I,men,55
Maria,child,54
I,child,53
me,me,53
wife,children,53
I,purposes,50
George,son,50
I,night,49
Maria,feelings,47
I,room,47
father,father,47
author,degree,47
I,august_ruins,46
I,ruins,46
I,column,46
I,contemplation,46
I,virtues,46
I,antiquity,46
I,turmoil,46
I,cares,46
author,persons,46
George,affairs,46
George,plan,46
son,Mr_Venables,46
son,merchant,46
Maria,donation,45
Maria,right,45
Maria,margin,45
Maria,letter,45
Maria,Rousseau,45
Maria,Prometheus,45
Maria,sentiment,45
Maria,fire,45
Maria,genius,45
Maria,passion,45
Maria,truth,45
boy,me,45
lawgivers,husband,45
mother,mistress_to,45
mother,refuge,45
mother,pangs,45
mother,labour,45
I,labour,45
I,affection,44
I,name,44
I,day,44
mother,father,44
I,situation,43
I,voice,43
people,treatment,43
people,asylums,43
beggars,treatment,43
beggars,asylums,43
I,world,42
persons,persons,42
persons,perusal,42
persons,chapters,42
persons,degree,42
persons,author,42
perusal,persons,42
perusal,perusal,42
perusal,chapters,42
perusal,degree,42
perusal,author,42
chapters,persons,42
chapters,perusal,42
chapters,chapters,42
chapters,degree,42
chapters,author,42
degree,persons,42
degree,perusal,42
degree,chapters,42
degree,degree,42
degree,author,42
author,perusal,42
author,chapters,42
author,author,42
correspondence,correspondence,42
wife,uncle,42
I,place,41
mother,effect,41
mother,constitution_,41
mother,garret,41
mother,mistress_had,41
Darnford,Jemima,40
property,wife,40
property,property,40
property,horse,40
property,ass,40
horse,wife,40
horse,property,40
horse,horse,40
horse,ass,40
ass,wife,40
ass,property,40
ass,horse,40
ass,ass,40
I,reason,39
I,England,38
uncle,George,38
I,fondness,38
I,folly,38
I,misery,37
He,He,36
I,morning,36
wife,property,36
wife,horse,36
wife,ass,36
methods,mother,36
condition,mother,36
work,mother,36
house,mother,36
maid,mother,36
boy,I,36
Maria,intelligence,35
I,friend,35
I,nothing,35
uncle,Mr_Venables,35
I,time,35
it,I,34
I,power,34
Darnford,Darnford,33
I,choice,33
people,people,33
Maria,desire,32
h,accommodation,32
h,bills,32
ad,accommodation,32
ad,bills,32
I,families,32
I,favour,32
I,houses,32
I,enquiry,32
I,pence,32
I,thoughts,31
I,misfortune,31
people,dread,31
people,walls,31
beggars,dread,31
beggars,walls,31
Maria,mind,30
Maria,form,30
assembly,husband,30
h,Mr_S,30
h,S,30
ad,Mr_S,30
ad,S,30
outlaws,women,30
society,women,30
Maria,bosom,29
I,mind,29
I,character,29
people,parishes,29
beggars,parishes,29
son,son,29
Maria,it,28
I,conduct,28
opinion,husband,28
Jemima,mother,28
correspondence,love,28
Maria,charge,27
I,God,27
conduct,me,27
I,use,27
I,tyranny,27
people,beggars,27
Maria,demi,26
Maria,god,26
I,respect,26
husband,me,26
merchant,son,26
merchant,affairs,26
Maria,fellow,25
I,we,25
I,charge,25
I,pounds,25
I,evils,25
I,oppressors,25
Hearing,Maria,25
Mr_S,pounds,25
S,pounds,25
I,laws,24
I,fame,24
uncle,friend,24
brother,brother,24
I,street_,24
God,Mr_Venables,24
God,George,24
God,we,24
wife,nothing,24
Mr_S,generosity,24
S,generosity,24
I,mankind,24
protector,protector,24
watchman,Jemima,24
beggars,people,24
beggars,beggars,24
George,experience,24
I,maid,23
I,daughter,23
I,linen,23
I,lodging,23
I,consequence,23
protector,me,23
Mr_Venables,son,23
Mr_Venables,affairs,23
Mr_Venables,plan,23
Mr_Venables,father,23
merchant,plan,23
merchant,father,23
son,affairs,23
son,plan,23
son,father,23
wife,me,23
wife,blame,23
Jemima,excuse,23
Jemima,absence,23
I,heaven,22
temper,information,22
temper,readers,22
temper,degree,22
temper,author,22
temper,apprehension,22
temper,sentiment,22
temper,pleasures,22
temper,pains,22
temper,imagination,22
temper,I,22
temper,gratification,22
temper,sketches,22
temper,time,22
temper,touches,22
temper,genius,22
temper,mark,22
temper,triumphs,22
temper,mortality,22
temper,schemes,22
temper,usefulness,22
temper,projects,22
temper,interest_,22
Mr_S,notions,22
Mr_S,pity,22
Mr_S,month,22
Mr_S,weeks,22
S,notions,22
S,pity,22
S,month,22
S,weeks,22
plea,boy,22
plea,me,22
boy,house,22
Jemima,Darnford,22
keeper,house,22
He,wife,22
I,Jemima,21
counsel,charge,21
I,moment,21
intemperance,herself,21
I,wife,21
I,simplicity,21
I,piece,21
I,gown,21
I,word,21
I,ills,21
persons,hearts,21
persons,curiosity,21
persons,sequel,21
persons,story_,21
persons,course,21
persons,paragraphs,21
persons,half,21
persons,sentences,21
persons,paper,21
persons,materials,21
persons,remainder,21
perusal,hearts,21
perusal,curiosity,21
perusal,sequel,21
perusal,story_,21
perusal,course,21
perusal,paragraphs,21
perusal,half,21
perusal,sentences,21
perusal,paper,21
perusal,materials,21
perusal,remainder,21
chapters,hearts,21
chapters,curiosity,21
chapters,sequel,21
chapters,story_,21
chapters,course,21
chapters,paragraphs,21
chapters,half,21
chapters,sentences,21
chapters,paper,21
chapters,materials,21
chapters,remainder,21
degree,hearts,21
degree,curiosity,21
degree,sequel,21
degree,story_,21
degree,course,21
degree,paragraphs,21
degree,half,21
degree,sentences,21
degree,paper,21
degree,materials,21
degree,remainder,21
author,hearts,21
author,curiosity,21
author,sequel,21
author,story_,21
author,course,21
author,paragraphs,21
author,half,21
author,sentences,21
author,paper,21
author,materials,21
author,remainder,21
Mr_S,mistress_to,21
Mr_S,mistress_was,21
Mr_S,froid,21
Mr_S,children,21
Mr_S,poverty,21
S,mistress_to,21
S,mistress_was,21
S,froid,21
S,children,21
S,poverty,21
I,poverty,21
I,madam,21
I,wonder,21
I,wolf,21
wife,eloquence,21
wife,purpose,21
wife,hand,21
wife,eyes,21
wife,country,21
wife,time,21
wife,parish,21
remonstrances_promised,I,21
Maria,nurse,21
Maria,glance,20
DARNFORD,DARNFORD,20
Jemima,it,20
Indians,Indians,20
Indians,skirts,20
Indians,settlements,20
skirts,Indians,20
skirts,skirts,20
skirts,settlements,20
settlements,Indians,20
settlements,skirts,20
settlements,settlements,20
I,country,20
I,emotion,20
I,warmth,20
I,sisters_,20
I,sympathy,20
I,dream,20
I,vales,20
I,master_,20
I,nay,20
boy,friend,20
boy,parish,20
boy,officer,20
boy,nurse,20
boy,brat,20
Jemima,house,20
Maria,confinement,19
I,company,19
I,relation,19
counsel,husband,19
counsel,defects,19
counsel,temper,19
counsel,nothing,19
counsel,wife,19
I,humanity,19
I,economy,19
I,arm,19
I,chair,19
I,stockings_,19
I,hair,19
I,yawning,19
Mr_S,husband,19
S,husband,19
mother,house,19
protector,desert,19
protector,society,19
overseer,overseer,19
it,Maria,18
Jemima,fate,18
Maria,paper,18
I,body,18
I,tenderness,18
uncle,mind,18
I,sister_,18
I,pretexts,18
intelligence,I,18
I,stranger_,18
property,nothing,18
horse,nothing,18
ass,nothing,18
I,taste_for,18
treatment,treatment,18
treatment,asylums,18
asylums,treatment,18
asylums,asylums,18
uncle,wife,18
Jemima,health,18
Maria,refuge,17
Maria,idea,17
Maria,friend,17
Maria,way,17
Maria,fate,17
Maria,personification,17
Maria,Saint,17
Maria,lover,17
Maria,model,17
Maria,minutiae,17
Maria,coat,17
Maria,hat,17
Maria,stranger_,17
Darnford,mind,17
I,punishment,17
I,death,17
uncle,situation,17
Mr_Venables,uncle,17
George,uncle,17
it,heart,17
me,part,17
I,boy,17
Mr_Venables,part,17
Mr_Venables,property,17
Mr_Venables,command,17
Mr_Venables,persecution,17
Mr_Venables,resort,17
Mr_Venables,child,17
George,part,17
George,property,17
George,command,17
George,persecution,17
George,resort,17
George,child,17
h,goods,17
h,credit,17
ad,goods,17
ad,credit,17
mother,condition,17
mother,work,17
mother,maid,17
mistress_had,task,17
I,honesty_and,17
attorney,uncle,17
Jemima,banks,17
Jemima,Thames,17
Jemima,miles,17
Jemima,London,17
Jemima,sea,17
Jemima,coast_,17
Jemima,situation,17
Maria,notion,17
Maria,death,17
Jemima,conversation,16
herself,I,16
it,me,16
Darnford,it,16
Maria,information,16
The,Indians,16
The,skirts,16
The,settlements,16
Maria,adultery,16
client,wife,16
I,education,16
I,justice_,16
I,justice_and,16
I,jury,16
I,judgment,16
I,rules,16
I,circumstances_and,16
I,seduction,16
adultery,adultery,16
adultery,Maria,16
I,moralists_,16
I,husbands,16
I,duty,16
I,pleasures,16
honour,feeling,16
uncle,hands,16
I,duties,16
I,exertions,16
father,mother,16
I,bed,16
it,thoughts,16
it,vales,16
it,august_ruins,16
it,ruins,16
it,fancy,16
it,column,16
it,contemplation,16
it,virtues,16
it,antiquity,16
it,turmoil,16
it,cares,16
it,purposes,16
it,soul,16
ladies,ladies,16
I,idea,16
h,steps_,16
ad,steps_,16
Mr_S,duty,16
Mr_S,hands,16
S,duty,16
S,hands,16
I,support,16
boy,correction,16
boy,name,16
protector,recourse,16
protector,cordials,16
protector,tone,16
protector,spirits,16
Maria,I,16
keeper,keeper,16
uncle,children,16
Jemima,arm,15
Jemima,power,15
I,pleasure,15
I,abode,15
I,marriage,15
I,sums,15
I,brother,15
I,emotions,15
I,principle,15
I,town,15
Mr_Venables,door,15
George,door,15
I,stairs_with,15
uncle,name,15
I,excursion,15
I,continent,15
I,patience,15
Mr_Venables,chamber,15
George,chamber,15
Maria,Hearing,15
Maria,consequence,15
lawgivers,style_of,15
lawgivers,assembly,15
lawgivers,existence_of,15
lawgivers,etre,15
lawgivers,supreme,15
lawgivers,belief,15
lawgivers,wife,15
lawgivers,order,15
lawgivers,show,15
lawgivers,justice_,15
lawgivers,idiot,15
lawgivers,bondage,15
h,money,15
h,transactions,15
h,character,15
h,world,15
ad,money,15
ad,transactions,15
ad,character,15
ad,world,15
I,bastard_,15
I,horror,15
outlaws,favours,15
outlaws,gratification,15
outlaws,privilege,15
outlaws,office,15
outlaws,tithe,15
outlaws,prostitution_,15
outlaws,harrass,15
outlaws,threats,15
outlaws,creatures,15
outlaws,occupation,15
outlaws,means,15
outlaws,growl,15
outlaws,avarice,15
society,favours,15
society,gratification,15
society,privilege,15
society,office,15
society,tithe,15
society,prostitution_,15
society,harrass,15
society,threats,15
society,creatures,15
society,occupation,15
society,means,15
society,growl,15
society,avarice,15
I,indolence,15
I,fallacy,15
I,reach,15
I,reputation,15
I,livelihood,15
Jemima,I,15
correspondence,freshness,15
Jemima,bosom,14
I,advantage,14
I,spirits,14
I,servant,14
I,sight,14
I,earth,14
judge,women,14
I,care,14
I,delight,14
I,feelings,14
uncle,state_of,14
uncle,it,14
I,refusal,14
opinion,goodness,14
opinion,disposition,14
opinion,importance,14
opinion,situations,14
opinion,life,14
opinion,proportion,14
opinion,I,14
opinion,narrowness,14
opinion,understanding_,14
opinion,fancy,14
opinion,boundary,14
opinion,heart,14
I,sentiments,14
I,task,14
I,eyes,14
Mr_Venables,house,14
George,house,14
image,I,14
I,sex,14
Mr_Venables,stuff_,14
George,stuff_,14
Maria,name,14
Jemima,sufferings,14
I,lap,14
I,intoxication,14
tender,gambling,14
mother,gambling,14
me,friend,14
I,fire,14
I,chance,14
house,father,14
I,spirit,14
I,infamy,14
I,conscience,14
I,mistress_,14
I,abilities,14
I,pride,14
I,enjoyments,14
I,filth,14
treatment,people,14
treatment,beggars,14
treatment,parishes,14
treatment,dread,14
treatment,walls,14
asylums,people,14
asylums,beggars,14
asylums,parishes,14
asylums,dread,14
asylums,walls,14
correspondence,dreams,14
correspondence,turn,14
correspondence,alliance,14
correspondence,blandishments,14
correspondence,taste_would,14
correspondence,triumph,14
correspondence,sunshine,14
correspondence,friendship,14
wife,He,14
education,Jemima,14
Maria,babe,13
Jemima,avenues,13
Jemima,dungeon,13
Jemima,apartments,13
Jemima,pleasure,13
DARNFORD,Maria,13
I,delicacy,13
I,years,13
I,step_,13
I,period,13
I,Peggy,13
husband,uncle,13
I,mine,13
I,attention,13
I,girls,13
I,clothes,13
I,energy,13
I,extacy,13
Mr_Venables,rage,13
George,rage,13
He,I,13
Mr_Venables,letters,13
George,letters,13
God,I,13
Maria,situation,13
Maria,pretences,13
Mr_S,spirits,13
S,spirits,13
I,vice,13
Jemima,fellow,13
Jemima,natural,13
Jemima,consequence,13
father,me,13
I,sensation,13
I,despair,13
Maria,instant_ceased,13
thought,mother,12
thought,soul,12
we,we,12
Jemima,glow,12
Jemima,kindness,12
Darnford,Maria,12
Maria,being,12
Maria,mould,12
Maria,compassion,12
Maria,sympathy,12
I,protection,12
Maria,family,12
defendant,wife,12
wife,nature,12
contract,women,12
women,women,12
I,windmill,12
men,men,12
Mr_Venables,landlady,12
George,landlady,12
Mr_Venables,room,12
George,room,12
attorney,tale,12
I,peril,12
I,harbour,12
I,hints,12
I,hospital,12
I,letter,12
I,frost_,12
I,injustice_of,12
I,kind,12
I,round,12
God,law,12
God,thought,12
God,husband,12
God,wife,12
God,round,12
Maria,fingers,12
Maria,nutriment,12
Maria,walls,12
Hearing,conversation,12
Hearing,Hearing,12
Hearing,consequence,12
Hearing,desire,12
Maria,conversation,12
esteem_of,Maria,12
person,Maria,12
me,property,12
me,command,12
me,persecution,12
I,offer,12
Mr_Venables,letter,12
George,letter,12
Jemima,FATHER,12
methods,effect,12
methods,constitution_,12
methods,garret,12
methods,mistress_had,12
methods,mistress_to,12
methods,refuge,12
methods,pangs,12
methods,labour,12
methods,father,12
condition,effect,12
condition,constitution_,12
condition,garret,12
condition,mistress_had,12
condition,mistress_to,12
condition,refuge,12
condition,pangs,12
condition,labour,12
condition,father,12
work,effect,12
work,constitution_,12
work,garret,12
work,mistress_had,12
work,mistress_to,12
work,refuge,12
work,pangs,12
work,labour,12
work,father,12
house,effect,12
house,constitution_,12
house,garret,12
house,mistress_had,12
house,mistress_to,12
house,refuge,12
house,pangs,12
house,labour,12
maid,effect,12
maid,constitution_,12
maid,garret,12
maid,mistress_had,12
maid,mistress_to,12
maid,refuge,12
maid,pangs,12
maid,labour,12
maid,father,12
I,children,12
I,reproaches,12
I,execrations,12
I,course,12
girl,girl,12
I,church,12
I,son,12
Mr_Venables,experience,12
merchant,experience,12
son,experience,12
I,evergreens,12
Maria,delight,12
Jemima,information,12
Maria,visits,12
Maria,while,12
Maria,loss,12
ladies,Thesebeen,12
ladies,girls,12
Darnford,root,12
mother,character,11
Maria,creatures,11
weeks,Maria,11
He,acquaintance,11
DARNFORD,letter,11
DARNFORD,bondage,11
Maria,degree,11
I,weight,11
I,property,11
I,determination,11
I,assistance_,11
I,words,11
father,thing,11
father,tithe,11
father,fortune,11
I,respiration,11
landlady,me,11
I,frost_the,11
Mr_Venables,bed,11
George,bed,11
Maria,anguish,11
Mr_S,nothing,11
S,nothing,11
Mr_S,price,11
Mr_S,indecency,11
S,price,11
S,indecency,11
I,table,11
Mr_Venables,emotion,11
Mr_Venables,fire,11
Mr_Venables,hands,11
George,emotion,11
George,fire,11
George,hands,11
Jemima,girl,11
Jemima,servant,11
Jemima,conviction,11
I,example,11
plea,half,11
plea,guinea,11
plea,house,11
plea,beggars,11
plea,wretches,11
plea,refuse,11
plea,society,11
I,gentleman,11
tradesman,me,11
people,sympathy,11
beggars,sympathy,11
I,shrouds,11
George,connections,11
He,living,11
He,future,11
He,trouble,11
He,moment,11
He,shore,11
He,penny,11
He,stall_,11
wife,rent,11
wife,shillings,11
attorney,wife,11
attorney,ear,11
attorney,distress_,11
attorney,I,11
attorney,town,11
attorney,Mary,11
attorney,morning,11
attorney,rent,11
attorney,return,11
character,wife,11
character,ear,11
character,tale,11
character,distress_,11
character,I,11
character,town,11
character,Mary,11
character,morning,11
character,rent,11
character,uncle,11
character,return,11
Maria,night,11
Jemima,town,11
acquaintance,Thesebeen,11
acquaintance,girls,11
cloke,Thesebeen,11
cloke,girls,11
marriage,Thesebeen,11
marriage,girls,11
felicity,Maria,10
sensibility,Maria,10
Nay,Maria,10
energy,Maria,10
character,Maria,10
Maria,fame,10
Maria,eye,10
herself,herself,10
glance,acquaintance,10
DARNFORD,memoirs,10
DARNFORD,absurdity,10
DARNFORD,laws,10
DARNFORD,matrimony,10
DARNFORD,divorces,10
Maria,He,10
Maria,plastic_in,10
Maria,exclamations,10
Maria,leaves,10
Maria,volumes,10
Maria,slip,10
I,hand,10
kind,Maria,10
intercourse,Maria,10
period,Maria,10
information,Maria,10
family,Maria,10
I,youth,10
I,love,10
counsel,cause,10
I,lover,10
Maria,bed,10
prosecution,France,10
prosecution,Letters,10
prosecution,adultery,10
prosecution,Maria,10
prosecution,behaviour,10
prosecution,Visit,10
prosecution,Expectation,10
prosecution,Discovery,10
prosecution,Interview,10
prosecution,Consequence,10
adultery,France,10
adultery,Letters,10
adultery,behaviour,10
adultery,Visit,10
adultery,Expectation,10
adultery,Discovery,10
adultery,Interview,10
adultery,Consequence,10
commencedDarnford,France,10
commencedDarnford,Letters,10
commencedDarnford,adultery,10
commencedDarnford,Maria,10
commencedDarnford,behaviour,10
commencedDarnford,Visit,10
commencedDarnford,Expectation,10
commencedDarnford,Discovery,10
commencedDarnford,Interview,10
commencedDarnford,Consequence,10
I,family,10
I,village,10
husband,world,10
I,change,10
uncle,will,10
uncle,solicitor,10
I,understanding_,10
I,being,10
I,foundation,10
I,virtue,10
I,thing,10
I,glow,10
I,countenance,10
I,brandy,10
distress_made,father,10
conductress,Mr_Venables,10
conductress,George,10
me,power,10
I,kindness,10
I,oath,10
I,farthing,10
uncle,I,10
I,babe,10
I,If,10
I,study_all,10
Mr_Venables,impatience,10
George,impatience,10
Mr_Venables,miss,10
Mr_Venables,school,10
George,miss,10
George,school,10
I,treatment,10
pity,Maria,10
Jemima,confinement,10
Jemima,pretences,10
creature,thee,10
form,thee,10
I,gratification,10
I,sketches,10
I,touches,10
I,genius,10
I,mark,10
I,triumphs,10
I,mortality,10
I,schemes,10
I,usefulness,10
assembly,belief,10
assembly,wife,10
assembly,order,10
assembly,show,10
assembly,justice_,10
assembly,idiot,10
assembly,bondage,10
I,mode,10
Mr_S,stimulus_of,10
Mr_S,hope,10
Mr_S,fear,10
Mr_S,speculations,10
Mr_S,interests_of,10
Mr_S,others,10
S,stimulus_of,10
S,hope,10
S,fear,10
S,speculations,10
S,interests_of,10
S,others,10
violation,Mr_S,10
violation,S,10
laws,Mr_S,10
laws,S,10
country,Mr_S,10
country,S,10
humanity,Mr_S,10
humanity,S,10
I,language,10
Mr_Venables,tea,10
Mr_Venables,study_,10
Mr_Venables,communication,10
George,tea,10
George,study_,10
George,communication,10
I,chamber,10
daughter,I,10
daughter,mother,10
I,bastard_appeared,10
I,object,10
I,creation,10
I,pockets,10
I,drunkards,10
tradesman,home,10
tradesman,tradesman,10
tradesman,house,10
I,strife_,10
wife,week,10
I,clothing,10
Jemima,morrow,10
Jemima,family,10
Jemima,hour,10
Jemima,clue,10
Jemima,search,10
affection,Maria,10
acquaintance,ladies,10
acquaintance,fame,10
ladies,fame,10
cloke,ladies,10
cloke,fame,10
marriage,ladies,10
marriage,fame,10
Poets,Soul,10
Maria,madness,9
Jemima,society,9
Jemima,air,9
Maria,nature,9
herself,bed,9
herself,me,9
Darnford,morning,9
Darnford,master_intended,9
Darnford,witnesses,9
Maria,curiosity,9
I,degree,9
wife,paper,9
wife,court,9
wife,engagement,9
wife,laws,9
wife,women,9
I,circumstances_lead,9
I,preservation,9
I,order,9
I,demands,9
earth,me,9
readers,sketches,9
I,fate,9
wife,husband,9
conduct,principles,9
conduct,improvement,9
conduct,understanding_has,9
conduct,fallacy,9
conduct,prejudices,9
conduct,war,9
conduct,nature,9
conduct,reason,9
I,bodies,9
I,destruction_,9
men,women,9
I,appearance,9
uncle,post_,9
intelligence,fever,9
intelligence,energy,9
intelligence,mind,9
intelligence,state_,9
intelligence,intelligence,9
intelligence,heart,9
intelligence,babe,9
resolution,emotions,9
resolution,years,9
resolution,soul,9
people,prejudices,9
people,inclination,9
people,He,9
people,nothing,9
people,letter,9
people,I,9
people,ground,9
people,complaint,9
I,atmosphere,9
Maria,scene,9
Maria,me,9
Mr_S,me,9
S,me,9
Mr_S,friend,9
S,friend,9
I,peace,9
Mr_Venables,time,9
Mr_Venables,prudence,9
Mr_Venables,sense,9
Mr_Venables,propriety,9
George,time,9
George,prudence,9
George,sense,9
George,propriety,9
I,film,9
I,outrage,9
I,slave,9
I,caresses,9
I,decline,9
I,Hampstead_,9
career,health,9
career,degree,9
career,pleasure,9
career,conversation,9
career,me,9
career,esteem_was,9
career,proofs,9
career,humanity,9
career,disposition,9
libertinism,health,9
libertinism,degree,9
libertinism,pleasure,9
libertinism,conversation,9
libertinism,me,9
libertinism,esteem_was,9
libertinism,proofs,9
libertinism,humanity,9
libertinism,disposition,9
enjoyment,health,9
enjoyment,degree,9
enjoyment,pleasure,9
enjoyment,conversation,9
enjoyment,me,9
enjoyment,esteem_was,9
enjoyment,proofs,9
enjoyment,humanity,9
enjoyment,disposition,9
I,spring,9
uncle,books,9
uncle,passion,9
uncle,conversation,9
uncle,picture,9
uncle,life,9
wife,money,9
wife,year,9
remonstrances_promised,wife,9
remonstrances_promised,house,9
Jemima,energy,9
Jemima,number,9
Jemima,females,9
Jemima,sweep,9
Jemima,whirlwind,9
Jemima,me,9
Maria,ladies,9
Darnford,decision,9
Darnford,character,9
Darnford,adversity,9
Darnford,Had,9
Darnford,visions,9
Darnford,bliss,9
taste_and,Darnford,9
taste_and,decision,9
taste_and,character,9
taste_and,root,9
taste_and,mind,9
taste_and,adversity,9
taste_and,Had,9
taste_and,visions,9
taste_and,bliss,9
acquirements,Darnford,9
acquirements,decision,9
acquirements,character,9
acquirements,root,9
acquirements,mind,9
acquirements,adversity,9
acquirements,Had,9
acquirements,visions,9
acquirements,bliss,9
I,something,8
Jemima,close,8
Jemima,evening,8
Jemima,person,8
Jemima,door,8
consciousness,Maria,8
existence_felicity,Maria,8
Maria,resentment,8
Maria,vexation,8
Maria,time,8
Jemima,persons,8
Jemima,manners,8
Jemima,beings,8
Jemima,figures,8
Jemima,voices,8
Jemima,sorrow,8
I,moments,8
The,guns,8
The,safety,8
Indians,guns,8
Indians,safety,8
skirts,guns,8
skirts,safety,8
settlements,guns,8
settlements,safety,8
education,delicacy,8
circumstances_lead,delicacy,8
I,none,8
I,roof,8
conduct,Mr_Venables,8
conduct,George,8
power,me,8
Her,child,8
me,child,8
readers,it,8
readers,tediousness,8
readers,degree,8
readers,interest_of,8
readers,story_,8
readers,number,8
readers,pages,8
I,prey,8
I,rapacity,8
it,mother,8
I,chickens,8
I,sigh,8
honour,damages,8
honour,wife,8
honour,society,8
honour,chance,8
honour,loss,8
honour,it,8
I,circumstance_,8
husband,task,8
mankind,women,8
Men,Men,8
Men,men,8
Men,superiority,8
Men,women,8
men,Men,8
men,superiority,8
husband,arm,8
husband,chair,8
husband,gown,8
husband,linen,8
husband,stockings_,8
husband,hair,8
husband,yawning,8
wife,conduct,8
Mr_Venables,friend,8
George,friend,8
I,mistress_of,8
I,manners,8
Mr_Venables,reason,8
George,reason,8
I,imagination,8
me,Mr_Venables,8
me,George,8
I,existence_,8
I,silence,8
I,consent,8
Mr_Venables,change,8
George,change,8
George,conduct,8
dislike,husband,8
dislike,memory,8
husband,memory,8
husband,Mr_Venables,8
husband,George,8
husband,folly,8
husband,sentiments,8
I,counting,8
I,health,8
Maria,dart,8
Maria,fortitude,8
curiosity,Maria,8
Maria,tale,8
Maria,eloquence,8
Maria,grief,8
lamp,vapours,8
lamp,dungeon,8
lamp,art,8
life,vapours,8
life,dungeon,8
life,art,8
I,measures,8
I,hopes,8
I,A,8
I,servility,8
father,apprentice,8
father,step_,8
father,friends,8
father,slop,8
father,shop,8
father,Wapping,8
I,dregs,8
I,curse,8
conduct,I,8
conduct,epithets,8
conduct,pockets,8
conduct,drunkards,8
conduct,moments,8
conduct,distrust_ought,8
death,recourse,8
death,cordials,8
death,tone,8
death,protector,8
death,spirits,8
death,me,8
death,desert,8
death,society,8
watchman,girl,8
watchman,times,8
watchman,wretch,8
watchman,remorse,8
watchman,soul,8
overseer,me,8
Maria,creature,8
mother,me,8
keeper,contempt,8
keeper,countenance,8
keeper,pomposity,8
keeper,English,8
I,rest_of,8
Mr_Venables,authority,8
George,authority,8
merchant,authority,8
minding,uncle,8
shop,uncle,8
wife,customers_,8
I,distress_,8
me,Maria,8
Maria,society,7
herself,use,7
herself,it,7
acquaintance,acquaintance,7
Maria,murderer,7
Darnford,power,7
Darnford,fate,7
husband,friend,7
I,want,7
I,conjectures,7
client,charge,7
client,client,7
education,men,7
education,preservation,7
education,order,7
education,society,7
education,demands,7
education,women,7
circumstances_lead,men,7
circumstances_lead,preservation,7
circumstances_lead,order,7
circumstances_lead,society,7
circumstances_lead,demands,7
circumstances_lead,women,7
I,individual,7
I,law,7
I,debts,7
I,circumstances_,7
I,Darnford,7
judge,feelings,7
Maria,behaviour,7
Maria,Visit,7
Maria,Expectation,7
Maria,Discovery,7
Maria,Interview,7
Maria,Consequence,7
I,dogs,7
I,common,7
I,universe,7
I,contentment,7
intemperance,property,7
intemperance,society,7
intemperance,wearisome,7
intemperance,life,7
uncle,value,7
I,narrowness,7
I,boundary,7
husband,wealth,7
I,characters,7
I,expences,7
father,distress_made,7
father,conduct,7
I,shillings,7
I,alarm,7
Mr_Venables,peril,7
George,peril,7
I,risk,7
I,unavailing,7
Mr_Venables,forms,7
Mr_Venables,cat,7
Mr_Venables,bull,7
Mr_Venables,assassin,7
George,forms,7
George,cat,7
George,bull,7
George,assassin,7
image,forms,7
image,me,7
image,cat,7
image,bull,7
image,assassin,7
Mr_Venables,silence,7
George,silence,7
I,volley,7
I,cannon,7
George,business,7
friend,friend,7
I,Lisbon,7
He,gallantry,7
He,situation,7
He,insensible,7
He,charms,7
He,beauty,7
He,grace,7
whirlwind,Maria,7
rage,Maria,7
indignation,Maria,7
Jemima,claim,7
Jemima,name,7
Jemima,privileges,7
Maria,claim,7
Maria,privileges,7
Mr_Venables,plans,7
George,plans,7
tender,gripe,7
tender,spendthrift,7
tender,drunkard,7
tender,unmindful,7
tender,offspring,7
mother,gripe,7
mother,spendthrift,7
mother,drunkard,7
mother,unmindful,7
mother,offspring,7
me,God,7
me,sake,7
I,sins,7
I,disgrace,7
I,heir,7
I,friendship,7
sums,mistress_to,7
sums,mistress_was,7
sums,froid,7
sums,Mr_S,7
sums,S,7
sums,children,7
sums,poverty,7
violation,mistress_to,7
violation,mistress_was,7
violation,froid,7
violation,children,7
violation,poverty,7
laws,mistress_to,7
laws,mistress_was,7
laws,froid,7
laws,children,7
laws,poverty,7
country,mistress_to,7
country,mistress_was,7
country,froid,7
country,children,7
country,poverty,7
humanity,mistress_to,7
humanity,mistress_was,7
humanity,froid,7
humanity,children,7
humanity,poverty,7
Mr_Venables,unclefortune,7
George,unclefortune,7
Mr_Venables,power,7
George,power,7
I,sentiment,7
I,alternative,7
I,expressions,7
I,discontent,7
I,tooth,7
I,concealment,7
I,companions,7
mistress_had,mistress_rested,7
mistress_had,mistress_arm,7
mistress_had,arm,7
mistress_had,I,7
mistress_had,husband,7
I,brutes,7
I,epithets,7
I,distrust_ought,7
I,obscenity,7
families,me,7
families,favour,7
families,enquiry,7
families,morning,7
families,night,7
families,pence,7
families,day,7
overseer,money,7
overseer,occupation,7
uncle,marriage,7
uncle,inclination,7
uncle,stars_permit,7
uncle,chance,7
uncle,happiness,7
uncle,world,7
mother,attention,7
mother,education,7
I,instructor_,7
George,habits,7
George,libertinism,7
wife,Daniel,7
wife,pleasure,7
wife,Molly,7
wife,Jacky,7
wife,speeches,7
wife,day,7
wife,it,7
wife,ear,7
brother,rents,7
I,servants,7
I,distresses_of,7
I,mattrass,7
I,marble,7
I,chimney,7
fancy,pocket,7
fancy,model,7
fancy,perfection,7
Jemima,body,7
Jemima,mind,7
Jemima,ills,7
Jemima,sex,7
education,me,7
education,body,7
education,mind,7
education,ills,7
education,sex,7
Jemima,night,7
Maria,hackney,7
Maria,coach,7
Maria,hotel,7
Maria,Thesebeen,7
Jemima,tear,7
anguish,Maria,6
Maria,recollection,6
thought,life,6
thought,diction,6
Maria,animation,6
humanity,degree,6
humanity,anguish,6
humanity,marble,6
humanity,brass,6
humanity,trust_of,6
humanity,fame,6
Maria,employment,6
Maria,pains,6
Maria,notes,6
prison,friend,6
prison,countryman,6
prison,land,6
prison,voice,6
prison,information,6
prison,ear,6
spirits,friend,6
spirits,countryman,6
spirits,land,6
spirits,voice,6
spirits,information,6
spirits,ear,6
wretch,friend,6
wretch,countryman,6
wretch,land,6
wretch,voice,6
wretch,information,6
wretch,ear,6
situation,friend,6
situation,countryman,6
situation,land,6
situation,voice,6
situation,information,6
situation,ear,6
Jemima,eye,6
Jemima,maniac,6
Jemima,chamber,6
Jemima,half,6
Maria,season,6
Maria,life,6
Maria,variety,6
Jemima,master_intended,6
Jemima,witnesses,6
me,it,6
I,paper,6
wretches,mazes,6
wretches,misery,6
wretches,receptacle,6
wretches,souls,6
wretches,source,6
wretches,corruption,6
Maria,sufferer,6
Darnford,faults,6
I,creature,6
I,freedom,6
I,animals,6
I,household,6
Maria,defence,6
defendant,escape,6
defendant,sense,6
defendant,order,6
defendant,decorum,6
I,yoke,6
I,shoulders,6
I,force,6
contract,caprice,6
contract,tyrant,6
contract,choice,6
contract,necessity,6
respect,adherence,6
respect,determination,6
respect,Mr_Venables,6
respect,George,6
respect,light,6
respect,husband,6
I,adherence,6
I,light,6
Mr_,adherence,6
Mr_,determination,6
Mr_,Mr_Venables,6
Mr_,George,6
Mr_,light,6
Mr_,husband,6
Trial,adultery,6
Trial,Maria,6
Trial,A,6
Trial,separation,6
Trial,bed,6
Trial,board,6
adultery,A,6
adultery,separation,6
adultery,bed,6
adultery,board,6
Maria,A,6
Maria,separation,6
Maria,board,6
it,effort,6
it,step_,6
it,civility,6
it,past_,6
I,charms,6
I,observations,6
I,secrets,6
I,trade,6
I,line,6
I,freedoms,6
we,God,6
I,wings,6
I,sky,6
I,trap,6
I,caged,6
I,school,6
I,sensations,6
I,regulations,6
I,walk,6
I,tea,6
board,brandy,6
I,spies,6
I,governesses,6
I,talents,6
I,master_of,6
Mr_Venables,discourse,6
Mr_Venables,capacity,6
Mr_Venables,pause,6
George,discourse,6
George,capacity,6
George,pause,6
I,truth,6
I,sensitiveness,6
I,accent,6
I,gesture_can,6
I,disregard,6
I,service,6
I,foot,6
brother,uncle,6
brother,nephew,6
brother,inheritance,6
I,intelligence,6
Mr_Venables,consent,6
George,consent,6
Mr_Venables,violence,6
George,violence,6
Mr_Venables,companion,6
Mr_Venables,conduct,6
Mr_Venables,dissimulation,6
George,companion,6
George,dissimulation,6
people,Mr_Venables,6
people,George,6
people,anger,6
passions,Mr_Venables,6
passions,George,6
passions,anger,6
resolution,Mr_Venables,6
resolution,George,6
resolution,thraldom,6
dislike,me,6
I,servitude,6
I,conversation,6
I,hour,6
I,coach,6
I,necessaries,6
I,evening,6
I,Mr_Mr,6
husband,money,6
I,intention,6
landlady,task,6
Master_met,wife,6
Master_met,foot,6
Master_met,stairs_,6
Master_met,effect,6
Master_met,expostulations_would,6
Master_met,Master_,6
I,gratitude,6
I,ladies,6
Maria,attendant,6
Maria,perversions,6
Maria,understanding_,6
Maria,oppression,6
esteem_of,conversation,6
esteem_of,Hearing,6
esteem_of,consequence,6
esteem_of,desire,6
person,conversation,6
person,Hearing,6
person,consequence,6
person,desire,6
sister_determined,lover,6
sister_determined,sister_had,6
sister_determined,time,6
creature,arms,6
form,arms,6
I,sides,6
women,country,6
women,tender,6
women,mother,6
women,protection,6
women,redress,6
women,oppressor,6
me,request_,6
me,house,6
I,turn,6
Mr_S,N,6
Mr_S,ecessity,6
Mr_S,I,6
Mr_S,name,6
S,N,6
S,ecessity,6
S,I,6
S,name,6
I,whirlpool,6
I,promise,6
I,institutions_of,6
I,despots,6
I,wantonness,6
I,criminals,6
servant,father,6
daughter,children,6
daughter,disposition,6
daughter,world,6
daughter,father,6
I,rigour,6
I,ah,6
husband,mistress_not,6
husband,moment,6
boy,beggars,6
boy,wretches,6
boy,refuse,6
boy,society,6
I,correction,6
I,desire,6
I,detestation_that,6
I,wretchedness,6
I,discussions,6
I,ambition,6
I,tub,6
I,circumstance_which,6
I,remorse,6
tradesman,madam,6
tradesman,I,6
girl,parents,6
girl,it,6
girl,avail,6
girl,She,6
I,case,6
I,lady,6
I,matron,6
overseer,care,6
I,importance,6
I,progress,6
I,deception,6
son,family,6
son,name,6
motherto,change,6
motherto,mother,6
motherto,dress,6
motherto,behaviour,6
motherto,whisper,6
motherto,scandal,6
I,changes,6
keeper,character,6
keeper,lady,6
George,regulation,6
George,affections,6
George,life,6
colt,colt,6
colt,mettle,6
colt,paces,6
mettle,colt,6
mettle,mettle,6
mettle,paces,6
I,hell,6
I,itself,6
father,obedience,6
father,vessels,6
it,health,6
wife,trouble,6
wife,moment,6
wife,shore,6
wife,plan,6
wife,execution,6
I,cottage,6
uncle,parish,6
remonstrances_promised,pressure,6
Mr_Venables,half,6
Mr_Venables,crown,6
George,half,6
George,crown,6
Jemima,effect,6
Jemima,countenance,6
Jemima,guard,6
Maria,suspence,6
Maria,yourself,6
Maria,pain,6
I,particulars,6
Maria,memoirs,6
Maria,daughter,6
Maria,perusal,6
nurse,Darnford,6
attorney,nurse,6
uncle,whole,6
uncle,case,6
uncle,consideration,6
Darnford,enquiries,6
Maria,faithful,6
Maria,metropolis,6
Maria,mode,6
Maria,conduct,6
Maria,girls,6
acquaintance,mode,6
acquaintance,conduct,6
ladies,mode,6
ladies,conduct,6
cloke,mode,6
cloke,conduct,6
marriage,mode,6
marriage,conduct,6
fondness,appearance,6
fondness,humanity,6
fondness,behaviour,6
fondness,men,6
fondness,pretensions,6
fondness,reality,6
sex,appearance,6
sex,humanity,6
sex,behaviour,6
sex,men,6
sex,pretensions,6
sex,reality,6
Maria,phantoms,6
Maria,elegance,6
Maria,excellence,6
Maria,meteors,6
Maria,marshes,6
Maria,misfortune,6
mind,Maria,5
mother,present,5
mother,retrospect,5
mother,sorrows,5
Maria,affections,5
Maria,character,5
Nay,animation,5
Nay,effect,5
Nay,madness,5
energy,animation,5
energy,effect,5
energy,madness,5
Maria,effect,5
character,animation,5
character,effect,5
character,madness,5
Maria,husband,5
Maria,avenues,5
Maria,dungeon,5
Maria,apartments,5
Maria,arm,5
fancy,heart,5
Maria,keepers,5
Maria,gentleman,5
Maria,corner,5
Maria,gallery,5
Jemima,guards,5
Jemima,ballad,5
Jemima,Rob,5
Jemima,heart,5
Jemima,melting,5
Jemima,pauses,5
Jemima,voice,5
Jemima,light,5
Maria,face,5
Prometheus,fire,5
Prometheus,genius,5
Prometheus,passion,5
Prometheus,truth,5
Prometheus,heart,5
sentiment,fire,5
sentiment,genius,5
sentiment,passion,5
sentiment,truth,5
sentiment,heart,5
it,idea,5
it,mind,5
it,it,5
He,contrive,5
He,attention,5
glance,colouring,5
glance,picture,5
glance,heart,5
imagination,happiness,5
I,question_,5
weeks,intelligence,5
weeks,desire,5
weeks,charge,5
kind,intelligence,5
kind,desire,5
kind,charge,5
intercourse,intelligence,5
intercourse,desire,5
intercourse,charge,5
period,intelligence,5
period,desire,5
period,charge,5
Jemima,intelligence,5
Jemima,desire,5
Jemima,charge,5
information,intelligence,5
information,desire,5
information,charge,5
family,intelligence,5
family,desire,5
family,charge,5
Darnford,luxuriancy,5
I,vices,5
I,America,5
I,vessel,5
I,sea,5
I,roar,5
malady,family,5
malady,delicacy,5
malady,dwelling,5
malady,conduct,5
malady,wife,5
I,infidelities,5
me,fortune,5
I,obligation,5
I,actions,5
sight,me,5
Her,moment,5
me,brother,5
me,death,5
me,Her,5
It,refuge,5
It,authors,5
It,fictions,5
It,number,5
It,events,5
I,sorrow,5
I,cows,5
I,motion,5
lane,tinge,5
lane,sensations,5
lane,soul,5
lane,lustre_of,5
lane,scenery,5
village,tinge,5
village,sensations,5
village,soul,5
village,lustre_of,5
village,scenery,5
sound,tinge,5
sound,sensations,5
sound,soul,5
sound,lustre_of,5
sound,scenery,5
rookery,tinge,5
rookery,sensations,5
rookery,soul,5
rookery,lustre_of,5
rookery,scenery,5
I,letters,5
feelings,child,5
feelings,I,5
feelings,observations,5
feelings,period,5
feelings,life,5
I,privilege,5
I,torrent,5
me,fallacy,5
me,prejudices,5
me,war,5
me,nature,5
me,reason,5
uncle,train,5
uncle,actions,5
uncle,ruin,5
uncle,disgrace,5
uncle,tie,5
husband,use,5
husband,exertions,5
husband,mine,5
board,husband,5
I,reply,5
I,dismission,5
brother,flaw,5
brother,settlement,5
brother,mother,5
brother,children,5
brother,it,5
father,flaw,5
father,settlement,5
father,children,5
father,it,5
distress_made,thing,5
distress_made,tithe,5
distress_made,fortune,5
father,girls,5
father,spies,5
father,wife,5
wife,girls,5
wife,spies,5
wife,father,5
husband,mind,5
husband,I,5
I,door,5
conductress,me,5
Mr_Venables,attorney,5
Mr_Venables,Mr_Mr,5
George,attorney,5
George,Mr_Mr,5
husband,clothes,5
I,furniture,5
I,degrees,5
I,beggary,5
I,occupation,5
I,disposition,5
uncle,child,5
me,He,5
I,lease,5
He,nothing,5
He,letter,5
He,ground,5
He,complaint,5
I,They,5
I,fellow,5
I,creatures,5
I,ape,5
I,train,5
I,master_was,5
I,state_of,5
I,skirts,5
landlady,heart,5
we,husband,5
we,wife,5
we,round,5
Mr_Venables,we,5
Mr_Venables,wife,5
Mr_Venables,God,5
Mr_Venables,round,5
George,we,5
George,wife,5
George,God,5
George,round,5
I,search,5
I,weeks,5
landlady,gratitude,5
degrees,Surprise,5
degrees,astonishment_,5
degrees,distraction_,5
degrees,Maria,5
degrees,faculties,5
sense,Surprise,5
sense,astonishment_,5
sense,distraction_,5
sense,Maria,5
sense,faculties,5
anguish,Surprise,5
anguish,astonishment_,5
anguish,distraction_,5
anguish,faculties,5
whirlwind,Surprise,5
whirlwind,astonishment_,5
whirlwind,distraction_,5
whirlwind,faculties,5
rage,Surprise,5
rage,astonishment_,5
rage,distraction_,5
rage,faculties,5
indignation,Surprise,5
indignation,astonishment_,5
indignation,distraction_,5
indignation,faculties,5
Maria,heavings,5
Maria,force,5
Maria,contempt,5
Maria,cell,5
resolution,risk,5
resolution,life,5
resolution,balance,5
resolution,chance,5
resolution,freedom,5
lamp,lamp,5
lamp,life,5
life,lamp,5
life,life,5
name,Maria,5
Jemima,loss,5
Jemima,place,5
I,sister_determined,5
I,sister_had,5
attorney,me,5
I,packet,5
I,strength_,5
Mr_Venables,threats,5
George,threats,5
I,face,5
I,study_,5
I,communication,5
Mr_Venables,hopes,5
George,hopes,5
me,sex,5
I,nestle_in,5
daughter,daughter,5
I,insults,5
I,appellation,5
I,taunts,5
I,sneers,5
I,potion,5
mistress_entered,us,5
I,tale,5
I,W,5
I,rest_had,5
I,independence,5
I,street_in,5
wretches,tyranny,5
I,ballad,5
I,singer,5
I,sequel,5
I,story_,5
You,it,5
You,degrees,5
You,I,5
You,subjects,5
You,sense,5
I,severity,5
I,rest_,5
I,writers,5
I,system_,5
I,opinion,5
I,pace,5
attendants,feeling,5
attendants,compassion,5
attendants,discharge,5
attendants,attendants,5
attendants,offices,5
Jemima,expression,5
Jemima,pauper,5
Jemima,funeral,5
Maria,expression,5
Maria,pauper,5
Maria,funeral,5
I,quarter,5
mother,family,5
mother,name,5
mother,hoard,5
mother,years,5
mother,care,5
I,seduce,5
idea,morning,5
idea,life,5
idea,orders,5
idea,child,5
idea,I,5
cares,morning,5
cares,life,5
cares,orders,5
cares,child,5
cares,I,5
me,remembrance,5
me,delight,5
mother,indolence,5
I,monotony,5
I,Sunday,5
Mr_Venables,speculation,5
George,speculation,5
merchant,plans,5
merchant,speculation,5
merchant,commission,5
merchant,guards,5
George,notice,5
wife,tale,5
wife,Mary,5
I,Mary,5
I,steps_I,5
I,vanity,5
I,expectations,5
Jemima,birth,5
Jemima,daughter,5
Maria,reflections,5
Maria,exclusion,5
Maria,sleep,5
me,Jemima,5
Maria,workings,5
Jemima,favour,5
Jemima,child,5
Maria,convulsive,5
Maria,movement,5
Maria,muscles,5
Maria,mouth,5
I,Maria,5
affection,amends,5
affection,cruelty,5
affection,injustice_Maria,5
nurse,nurse,5
mode,Thesebeen,5
mode,girls,5
conduct,Thesebeen,5
conduct,girls,5
Poets,sorrow,5
Poets,emotions,5
Poets,grandeur,5
mother,Maria,4
Maria,books,4
sorrow,Maria,4
wretchedness,Maria,4
Maria,rhapsodies,4
Maria,state_of,4
Maria,marble,4
Maria,brass,4
Maria,trust_of,4
These,marble,4
These,brass,4
These,trust_of,4
These,fame,4
convulsion,elements,4
convulsion,thought,4
convulsion,imagination,4
convulsion,confusion,4
Jemima,utterance,4
Jemima,confidence,4
Maria,minds,4
Jemima,look,4
Jemima,vehemence,4
Jemima,apprehension,4
women,duties,4
women,pursuits,4
sensibility,season,4
sensibility,confinement,4
consciousness,season,4
consciousness,confinement,4
existence_felicity,season,4
existence_felicity,confinement,4
felicity,season,4
felicity,confinement,4
acquaintance,He,4
acquaintance,accents,4
acquaintance,father,4
acquaintance,mother,4
acquaintance,love,4
Jemima,plan,4
Maria,terms,4
husband,Jemima,4
husband,protector,4
His,part,4
His,house,4
world,subject,4
world,flashes,4
world,sentiment,4
world,feature,4
I,recital,4
us,print,4
us,footstep_in,4
us,us,4
us,path,4
Indians,neighbours,4
skirts,neighbours,4
settlements,neighbours,4
I,senses,4
I,one,4
Maria,task,4
client,nothing,4
I,Mr_during,4
I,Mr_,4
I,sense,4
Darnford,protection,4
Darnford,women,4
Darnford,state_of,4
Darnford,society,4
I,variety,4
I,avarice,4
I,fetters,4
I,calumny,4
judge,fallacy,4
women,feelings,4
we,sanctity,4
we,marriage,4
Jemima,creature,4
Jemima,arms,4
soul,lustre_of,4
soul,scenery,4
I,fervour,4
husband,tenderness,4
husband,heart,4
novelists_or,fire,4
novelists_or,imagination,4
novelists_or,sensibility,4
novelists_or,virtue,4
moralists_want,fire,4
moralists_want,imagination,4
moralists_want,sensibility,4
moralists_want,virtue,4
Men,us,4
I,capacity,4
I,enjoyment,4
I,existence_affords,4
I,contract,4
wife,torrent,4
husband,men,4
husband,watch,4
state_of,species,4
state_of,pity,4
state_of,it,4
state_of,love,4
husband,smiles,4
uncle,reliance,4
uncle,stability_of,4
uncle,husband,4
uncle,professions,4
it,train,4
it,actions,4
it,ruin,4
it,disgrace,4
concurrence,duty,4
concurrence,sight,4
concurrence,God,4
concurrence,men,4
circumstances_can,duty,4
circumstances_can,sight,4
circumstances_can,God,4
circumstances_can,men,4
women,respect,4
women,reputation,4
women,world,4
I,sisters_with,4
I,Molly,4
uncle,pounds,4
uncle,piece,4
uncle,justice_,4
being,emotions,4
being,foundation,4
being,principle,4
being,virtue,4
husband,regard,4
I,taste_,4
I,converse,4
I,animation,4
I,dust_in,4
mankind,property,4
mankind,husbands,4
attention,glow,4
attention,countenance,4
attention,husband,4
attention,appearance,4
regulations,glow,4
regulations,countenance,4
regulations,husband,4
regulations,appearance,4
husband,glow,4
husband,countenance,4
husband,appearance,4
walk,glow,4
walk,countenance,4
walk,husband,4
walk,appearance,4
I,tradesmen,4
marriage,me,4
marriage,marriage,4
marriage,clothes,4
marriage,child,4
maid,Mr_Venables,4
maid,George,4
maid,person,4
maid,house,4
servant,Mr_Venables,4
servant,George,4
servant,person,4
servant,house,4
me,gentleman,4
power,Mr_Venables,4
power,George,4
power,house,4
earth,Mr_Venables,4
earth,George,4
earth,house,4
impudent,people,4
impudent,means,4
slut,people,4
slut,means,4
uncle,part,4
uncle,fortune,4
I,resemblance,4
I,bosom,4
I,things,4
If,me,4
If,I,4
If,study_all,4
If,night,4
Mr_Venables,study_all,4
Mr_Venables,night,4
George,study_all,4
George,night,4
Mr_Venables,evening,4
George,evening,4
passions,ease,4
They,inhabitants,4
They,lanes,4
They,streets_of,4
They,metropolis,4
I,lodgings,4
I,haberdasher,4
I,shop,4
I,opportunity,4
I,effect,4
I,perturbation,4
friend,mind,4
Mr_Venables,thought,4
George,thought,4
Master_had,respect,4
I,insensible,4
I,beauty,4
I,grace,4
child,Maria,4
Maria,fermentation,4
Maria,depravity,4
Maria,plot,4
Maria,arms,4
manner,suspicion,4
manner,dart,4
manner,Maria,4
manner,mind,4
expostulations_,suspicion,4
expostulations_,dart,4
expostulations_,Maria,4
expostulations_,mind,4
Maria,suspicion,4
pity,line,4
pity,interest_,4
curiosity,line,4
curiosity,interest_,4
Maria,sense,4
Maria,injustice_in,4
Maria,guard,4
Maria,power,4
Maria,exercise,4
Maria,injustice_,4
spark,Hearing,4
spark,Maria,4
spark,mind,4
spark,activity,4
hope,Hearing,4
hope,Maria,4
hope,mind,4
hope,activity,4
eagerness,Hearing,4
eagerness,Maria,4
eagerness,endeavour,4
eagerness,days,4
me,addition,4
me,sister_,4
husband,purposes,4
husband,bond,4
Mischief,I,4
Mischief,means,4
Mischief,Mischief,4
Mischief,scheme,4
I,Mischief,4
I,board,4
creature,me,4
form,me,4
I,anguish,4
I,wrath,4
I,tiger,4
I,comfort,4
dog,forwards,4
dog,length,4
dog,dog,4
dog,chain,4
I,mansion,4
female,secrets,4
female,prison,4
female,house,4
female,lines,4
critic,himself,4
I,resolution,4
I,pretences,4
friend,state_of,4
friend,husband,4
friend,affairs,4
I,shows,4
Mr_S,opportunity,4
S,opportunity,4
Mr_Venables,ave,4
George,ave,4
I,liberty,4
unclefortune,Mr_Venables,4
unclefortune,George,4
unclefortune,uncle,4
unclefortune,house,4
Mr_Venables,meditations,4
George,meditations,4
I,repugnance,4
I,maybes,4
Mr_Venables,repugnance,4
Mr_Venables,maybes,4
Mr_Venables,imagination,4
George,repugnance,4
George,maybes,4
George,imagination,4
I,precincts,4
I,nature,4
mistress_had,mistress_to,4
mistress_had,refuge,4
mistress_had,pangs,4
mistress_had,labour,4
fellow,father,4
I,burdens,4
father,marks,4
father,resentment,4
father,body,4
untruths,tyrant,4
untruths,charge,4
untruths,propensity,4
untruths,vice,4
I,tyrant,4
I,propensity,4
sister_conceived,opinion,4
sister_conceived,father,4
sister_conceived,obstacle_to,4
sister_conceived,affection,4
I,taste_of,4
contempt,me,4
I,footing,4
I,self,4
master_cursed,me,4
Nobody,me,4
mistress_entered,situation,4
mistress_entered,task,4
mistress_entered,mistress_than,4
mistress_declared,I,4
mistress_declared,night,4
mistress_declared,roof,4
mistress_declared,family,4
potion,abortion,4
potion,sensations,4
potion,life,4
potion,I,4
potion,emotion,4
abortion,sensations,4
abortion,life,4
abortion,I,4
abortion,emotion,4
I,wretch,4
mistress_often,me,4
mistress_often,dismission,4
mistress_often,I,4
mistress_often,case,4
I,sunshine,4
protector,property,4
protector,power,4
heir,protector,4
morals,protector,4
I,grief,4
I,information,4
writers,principle,4
writers,change,4
writers,system_,4
writers,opinion,4
I,culture,4
narrative,rise,4
narrative,reflections,4
narrative,state_of,4
narrative,society,4
me,morning,4
me,night,4
me,pence,4
me,day,4
me,situation,4
I,admittance,4
I,repetition,4
I,attempts,4
me,conscience,4
me,tongue,4
me,charity,4
overseer,minds,4
Darnford,leave,4
Darnford,fellow,4
Darnford,creature,4
Maria,respect,4
attention,Mr_Venables,4
attention,George,4
attention,mother,4
attention,I,4
daughter,Mr_Venables,4
daughter,George,4
daughter,mind,4
I,mistress_endeavouring,4
George,reputation,4
I,fortitude,4
me,stream_in,4
I,fellowship,4
we,mixture,4
we,bitterness,4
it,effect,4
it,uncle,4
it,spirits,4
servant,group,4
servant,ladies,4
servant,robes,4
servant,plumes,4
son,attainments,4
son,manners,4
George,attainments,4
George,manners,4
I,attainments,4
parent,parent,4
parent,duty,4
Mary,sister_,4
Mary,sailor,4
Mary,Mary,4
Mary,me,4
wife,month,4
wife,weeks,4
wife,happiness,4
imagination,month,4
imagination,weeks,4
imagination,husband,4
Daniel,wife,4
God,yous,4
God,information,4
God,hour,4
God,meeting,4
minding,time,4
minding,children,4
shop,time,4
shop,children,4
I,blame,4
I,attorney,4
George,finger,4
George,mouth,4
fancy,basis,4
it,intelligence,4
it,child,4
Jemima,breakfast_,4
Jemima,hand,4
Maria,fondness,4
Jemima,female,4
door,Maria,4
intelligence,Maria,4
intelligence,tongue,4
Maria,tongue,4
me,face,4
me,handkerchief,4
Maria,handkerchief,4
I,performance,4
it,race,4
nurse,it,4
nurse,half,4
nurse,guinea,4
uncle,nurse,4
uncle,money,4
Mr_Venables,action,4
Mr_Venables,Darnford,4
Mr_Venables,seduction,4
Mr_Venables,adultery,4
George,action,4
George,Darnford,4
George,seduction,4
George,adultery,4
Maria,money,4
Maria,expedition,4
Maria,admittance,4
mode,ladies,4
mode,fame,4
conduct,ladies,4
conduct,fame,4
Maria,care,4
Maria,perplexity,4
Maria,suit,4
it,reflections,4
it,situation,4
it,women,4
it,society,4
activity,idea,4
activity,strength_of,4
activity,mind,4
activity,body,4
figure,idea,4
figure,strength_of,4
figure,mind,4
figure,body,4
women,pursuit,4
We,progress,4
We,passion,4
We,Darnford,4
We,Maria,4
We,midst_of,4
We,conversation,4
Pygmalion,doubt,4
Pygmalion,it,4
Pygmalion,effect,4
Pygmalion,love,4
sensibility,doubt,4
sensibility,it,4
sensibility,effect,4
sensibility,love,4
restraint_of,conversation,4
restraint_of,urchin,4
restraint_of,bo,4
restraint_of,peep,4
Jemima,urchin,4
Jemima,bo,4
Jemima,peep,4
presence,conversation,4
presence,urchin,4
presence,bo,4
presence,peep,4
Jemima,cheeks,4
yells,men,4
thoughts,Maria,3
tale,recollection,3
tale,Maria,3
tale,babe,3
woe,recollection,3
woe,Maria,3
woe,babe,3
resemblance,recollection,3
resemblance,Maria,3
resemblance,babe,3
imagination,recollection,3
imagination,Maria,3
imagination,babe,3
phantoms,recollection,3
phantoms,Maria,3
phantoms,babe,3
misery,recollection,3
misery,Maria,3
misery,babe,3
folly,recollection,3
folly,Maria,3
folly,babe,3
vice,recollection,3
vice,Maria,3
vice,babe,3
world,recollection,3
world,Maria,3
world,babe,3
Maria,remembrances,3
mother,child,3
employment,sight,3
employment,mother,3
employment,object,3
Maria,opportunity,3
Jemima,mixture,3
Jemima,interest_and,3
Jemima,suspicion,3
Maria,possession,3
Maria,estate_,3
husband,possession,3
husband,Maria,3
husband,estate_,3
view,melancholy,3
view,sense,3
view,intellect,3
we,ground,3
we,ourselves,3
Maria,rage,3
Maria,hopes,3
Maria,enlargement,3
Maria,instant_thought,3
Maria,thought,3
Maria,thing,3
Jemima,parcel,3
Jemima,books,3
keepers,gentleman,3
keepers,corner,3
keepers,gallery,3
They,graces,3
They,virtues,3
They,action,3
Jemima,French,3
Jemima,subject,3
Jemima,contemplation,3
Jemima,Rousseau,3
Jemima,Heloise,3
work,world,3
work,Maria,3
work,worth,3
sensibility,consciousness,3
sensibility,existence_felicity,3
sensibility,felicity,3
Maria,glimpse,3
Maria,countenance,3
acquaintance,stranger_,3
acquaintance,interference,3
acquaintance,circumstances_of,3
acquaintance,meeting,3
beings,strength_of,3
beings,mind,3
beings,consequence,3
Jemima,fortune,3
Jemima,interruption,3
Jemima,discovery,3
Jemima,lovers,3
kind,contemplation,3
kind,concerns,3
kind,prudence,3
elevation,contemplation,3
elevation,concerns,3
elevation,prudence,3
You,me,3
You,effusions,3
You,madman,3
HENRY,Maria,3
Darnford,particulars,3
Darnford,story_,3
I,indulgence,3
I,details,3
I,books,3
I,views,3
I,cultivation,3
industry_the,views,3
industry_the,degree,3
industry_the,cultivation,3
fore,views,3
fore,degree,3
fore,cultivation,3
runner,views,3
runner,degree,3
runner,cultivation,3
consequence,views,3
consequence,degree,3
consequence,cultivation,3
luxury,views,3
luxury,degree,3
luxury,cultivation,3
country,views,3
country,degree,3
country,cultivation,3
everything,views,3
everything,degree,3
everything,cultivation,3
scale,views,3
scale,degree,3
scale,cultivation,3
travellers,us,3
travellers,life,3
travellers,nature,3
keepers,me,3
Maria,counsel,3
nothing,charge,3
nothing,client,3
nothing,wife,3
client,home,3
client,peace,3
client,officers,3
client,flight,3
wife,privilege,3
laws,weight,3
laws,yoke,3
laws,shoulders,3
friend,money,3
Darnford,me,3
conduct,society,3
fetters,me,3
fetters,Mr_Venables,3
fetters,George,3
hints,plan,3
hints,remainder,3
hints,work,3
Her,wave,3
Her,life,3
head,thought,3
head,father,3
head,I,3
misery,story_subordinate,3
misery,subordinate,3
misery,purpose,3
oppression,story_subordinate,3
oppression,subordinate,3
oppression,purpose,3
women,story_subordinate,3
women,subordinate,3
women,purpose,3
laws,story_subordinate,3
laws,subordinate,3
laws,purpose,3
customs_of,story_subordinate,3
customs_of,subordinate,3
customs_of,purpose,3
society,story_subordinate,3
society,subordinate,3
society,purpose,3
view,story_subordinate,3
view,subordinate,3
view,purpose,3
fancy,story_subordinate,3
fancy,subordinate,3
fancy,purpose,3
me,uncle,3
I,FATHER,3
me,step_,3
me,mother,3
me,civility,3
rainbow,athwart,3
rainbow,sky,3
rainbow,despondency,3
God,sorrows,3
God,Father,3
God,nature,3
youth,sorrows,3
youth,Father,3
youth,nature,3
love,sorrows,3
love,Father,3
love,nature,3
I,selfishness,3
husband,counsel,3
I,passion,3
Men,nature,3
Men,cause,3
it,species,3
it,pity,3
it,love,3
tie,me,3
tie,uncle,3
tie,value,3
magnitude,proportion,3
magnitude,utility,3
magnitude,view,3
sacrifice,proportion,3
sacrifice,utility,3
sacrifice,view,3
I,defects,3
fancy,boundary,3
fancy,husband,3
intercourse,milkiness,3
intercourse,nature,3
intercourse,gall,3
world,milkiness,3
world,nature,3
world,gall,3
I,quality,3
I,lurks,3
pounds,me,3
I,excuse,3
I,tales,3
I,hits,3
I,people,3
I,subject,3
men,contempt,3
men,endowments,3
men,minds,3
husband,appetite,3
I,months,3
country,Mr_Venables,3
country,George,3
country,eye,3
girl,Mr_Venables,3
girl,George,3
girl,eye,3
me,marriage,3
me,clothes,3
I,trifle,3
Mr_Venables,visitor,3
George,visitor,3
alarm,Mr_Venables,3
alarm,George,3
alarm,voice,3
I,interview,3
I,touch,3
Mr_Venables,body,3
George,body,3
decision,Mr_Venables,3
decision,George,3
decision,voice,3
Mr_Venables,voice,3
George,voice,3
attitude,Mr_Venables,3
attitude,George,3
attitude,voice,3
landlady,lodging,3
landlady,distance_,3
landlady,Mr_Venables,3
landlady,George,3
landlady,tale,3
I,briefly,3
I,agreement,3
I,endeavours,3
uncle,relief,3
uncle,change,3
uncle,air,3
we,fogs,3
we,cares,3
we,England,3
uncle,doubt,3
conduct,doubt,3
cat,me,3
cat,waves,3
cat,gulfs,3
bull,me,3
bull,waves,3
bull,gulfs,3
assassin,me,3
assassin,waves,3
assassin,gulfs,3
I,waves,3
I,gulfs,3
others,me,3
others,waves,3
others,gulfs,3
Mr_Venables,waves,3
Mr_Venables,gulfs,3
George,waves,3
George,gulfs,3
Mr_Venables,thoughts,3
Mr_Venables,vales,3
George,thoughts,3
George,vales,3
I,exercise,3
uncle,He,3
uncle,guardian,3
brother,rage,3
brother,me,3
smile,me,3
smile,world,3
smile,desert,3
husbands,husbands,3
husbands,wives,3
husbands,differences,3
wives,husbands,3
wives,wives,3
wives,differences,3
Mr_Venables,courage,3
George,courage,3
ease,Mr_Venables,3
ease,George,3
ease,anger,3
passions,people,3
passions,passions,3
Mr_Venables,emotions,3
Mr_Venables,years,3
Mr_Venables,soul,3
George,emotions,3
George,years,3
George,soul,3
thraldom,emotions,3
thraldom,years,3
thraldom,soul,3
I,torture,3
husband,epithet,3
husband,mode,3
husband,conduct,3
husband,interest_,3
I,echo,3
Mr_Venables,insinuation,3
Mr_Venables,business,3
Mr_Venables,interest_,3
George,insinuation,3
George,interest_,3
I,papers,3
I,air,3
I,vindication,3
I,Johnny,3
I,forsooth,3
law,mind,3
law,uncle,3
law,friend,3
friend,uncle,3
landlady,newspaper,3
landlady,pocket,3
Master_had,person,3
Master_had,Master_had,3
wife,effect,3
wife,expostulations_would,3
wife,Master_,3
I,possession,3
landlady,risk,3
sight,refuge,3
sight,uncle,3
advertisement,me,3
advertisement,refuge,3
advertisement,uncle,3
He,me,3
letter,end,3
letter,state_of,3
letter,suspense,3
spell,castles_,3
spell,spectres,3
spell,chimeras,3
genius,castles_,3
genius,spectres,3
genius,chimeras,3
soul,castles_,3
soul,spectres,3
soul,chimeras,3
Maria,cooing,3
state_of,walls,3
state_of,Maria,3
state_of,prison,3
mind,walls,3
mind,prison,3
Maria,prison,3
child,walls,3
child,prison,3
outrage,feelings,3
outrage,scorn,3
outrage,smile,3
stones_not,elements,3
stones_not,heaps,3
stones_not,court,3
Maria,understanding_above,3
Maria,standard_,3
Maria,line,3
Maria,interest_,3
Maria,intercourse,3
Maria,mankind,3
Maria,purpose,3
Maria,energy,3
claim,Maria,3
claim,confinement,3
claim,pretences,3
name,confinement,3
name,pretences,3
privileges,Maria,3
privileges,confinement,3
privileges,pretences,3
conversation,Hearing,3
conversation,Maria,3
conversation,consequence,3
fortune,me,3
I,departure,3
attorney,hiding,3
attorney,places,3
I,means,3
I,scheme,3
shriek,me,3
shriek,spring,3
shriek,arms,3
critic,form,3
critic,critic,3
husband,amount,3
husband,present,3
I,copy,3
I,writ,3
I,purpose,3
I,sum,3
I,wants,3
me,plan,3
me,view,3
George,family,3
assembly,existence_of,3
assembly,etre,3
assembly,supreme,3
amusement,husband,3
amusement,request_,3
amusement,house,3
conversation,husband,3
conversation,request_,3
conversation,house,3
I,pity,3
Mr_S,conduct,3
S,conduct,3
I,consolation,3
Mr_S,mode,3
Mr_S,character,3
S,mode,3
S,character,3
Mr_S,faculties,3
S,faculties,3
interests_of,Mr_S,3
interests_of,S,3
interests_of,spirits,3
others,Mr_S,3
others,S,3
others,spirits,3
violation,sums,3
laws,sums,3
Mr_S,sums,3
S,sums,3
country,sums,3
humanity,sums,3
Mr_S,aid,3
S,aid,3
I,regard,3
I,mistake_,3
Mr_S,mistake_,3
S,mistake_,3
language,Mr_S,3
language,S,3
language,friend,3
Mr_Venables,pen,3
George,pen,3
me,subterfuge,3
I,hands,3
I,scene,3
advocates,conduct,3
advocates,I,3
advocates,feelings,3
obedience,conduct,3
obedience,I,3
obedience,feelings,3
distinction_between,conduct,3
distinction_between,I,3
distinction_between,feelings,3
duty,conduct,3
duty,I,3
duty,feelings,3
wife,feelings,3
study_,communication,3
study_,bed,3
study_,chamber,3
I,stairs_,3
I,Death,3
I,deliverance,3
laws,minds,3
mother,project,3
mistress_to,refuge,3
mistress_to,pangs,3
mistress_to,labour,3
furrows,sort,3
furrows,wildness,3
furrows,eye,3
reflection,sort,3
reflection,wildness,3
reflection,eye,3
care,sort,3
care,wildness,3
care,eye,3
father,passion,3
fellow,passion,3
fellow,mother,3
servant,passion,3
servant,mother,3
heart,I,3
heart,pert,3
heart,thing,3
mouth,I,3
mouth,pert,3
mouth,thing,3
debasement,I,3
debasement,pert,3
debasement,thing,3
soul,I,3
soul,pert,3
soul,thing,3
I,enquiries,3
me,respect,3
I,circumstance_to,3
Nobody,creature,3
Nobody,species,3
master_extreme,master_forget,3
master_extreme,master_customary,3
master_extreme,caution,3
intoxication,master_forget,3
intoxication,master_customary,3
intoxication,caution,3
task,task,3
task,mistress_not,3
task,moment,3
mistress_husband,task,3
mistress_husband,mistress_not,3
mistress_husband,moment,3
Her,task,3
Her,mistress_not,3
mistress_had,mistress_strength,3
mistress_had,strength_,3
I,master_s,3
I,way,3
I,scenes,3
I,depravity,3
Fate,me,3
Fate,kennels,3
Fate,society,3
pretext,tyranny,3
pretext,wretches,3
pretext,conscience,3
occupation,means,3
occupation,growl,3
occupation,avarice,3
me,dismission,3
me,case,3
Jemima,tone,3
philosophers,slowness,3
philosophers,comprehension,3
philosophers,wisdom,3
tone,me,3
tone,desert,3
tone,society,3
spirits,me,3
spirits,desert,3
spirits,society,3
I,pittance,3
I,essay,3
I,subsistence_,3
principles,basis,3
principles,contentment,3
principles,station_,3
action,basis,3
action,contentment,3
action,station_,3
me,wretchedness,3
I,hurt,3
I,plea,3
I,right,3
physicians,me,3
physicians,half,3
physicians,crown,3
I,half,3
I,crown,3
me,fellow,3
me,creature,3
it,progress,3
it,deception,3
it,peace,3
neglect,effect,3
neglect,daughter,3
neglect,mind,3
daughter,effect,3
darling,effect,3
darling,daughter,3
darling,mind,3
brother,effect,3
brother,daughter,3
brother,mind,3
Robert,effect,3
Robert,daughter,3
Robert,mind,3
girls,girls,3
girls,health,3
girls,spirits,3
son,posterity_,3
son,pleasures,3
father,instances_of,3
father,unkindness,3
quire,Mr_Venables,3
quire,George,3
quire,place,3
presence,turn,3
presence,George,3
presence,behaviour,3
uncle,turn,3
uncle,behaviour,3
I,source,3
house,character,3
house,lady,3
house,house,3
uncle,manner,3
men,menfaculties,3
I,regret,3
me,soul,3
me,fellowship,3
I,warblers,3
it,pleasure,3
it,remembrance,3
it,delight,3
me,pleasure,3
I,flowers,3
I,path,3
I,green,3
indolence,mother,3
indolence,attention,3
indolence,education,3
character,mother,3
character,attention,3
character,education,3
instructor_,education,3
brother,education,3
father,education,3
church,education,3
me,guilt,3
me,measure,3
nothing,name,3
nothing,love,3
nothing,friendship,3
His,pictures,3
His,feelings,3
His,disappointment,3
I,robes,3
I,plumes,3
I,figures,3
principles,notice,3
principles,George,3
principles,me,3
I,meaning,3
I,hero,3
He,port,3
He,Channel,3
Daniel,sights,3
Daniel,country,3
wife,name,3
wife,places,3
wife,abode,3
daddy,Molly,3
daddy,Jacky,3
daddy,tricks,3
uncle,shift,3
uncle,bread,3
Providence,Daniel,3
Providence,leg,3
Providence,arm,3
brother,agent,3
I,secret,3
Jemima,rapture,3
Jemima,assurance,3
Jemima,affection,3
heart,rapture,3
heart,assurance,3
heart,affection,3
me,education,3
I,gesture_of,3
I,assurance,3
Jemima,something,3
manner,something,3
female,Maria,3
Jemima,suspence,3
door,night,3
door,suspence,3
Maria,circumstances_scarcely,3
convulsive,muscles,3
convulsive,Maria,3
convulsive,mouth,3
movement,muscles,3
movement,Maria,3
movement,mouth,3
Jemima,flight,3
Jemima,performance,3
Jemima,promise,3
Woman,voice,3
Woman,I,3
Woman,thee,3
Maria,grave,3
attorney,will,3
nurse,uncle,3
nurse,situation,3
attorney,situation,3
Jemima,keeper,3
Darnford,place,3
Darnford,refuge,3
Maria,forbearance,3
Darnford,notions,3
happiness,gale,3
happiness,natural,3
happiness,clime,3
mind,gale,3
mind,natural,3
mind,clime,3
We,rocks,3
We,valley,3
We,contentment,3
writers,propensity,3
writers,effect,3
writers,idleness,3
time,character,3
time,Maria,3
time,mind,3
manner,people,3
manner,discernment,3
manner,talents,3
years,weakness,3
years,incapacity,3
years,judgment,3
women,impulse,3
women,mind,3
Pygmalion,qualities,3
Pygmalion,hero,3
Pygmalion,mind,3
Pygmalion,Pygmalion,3
Pygmalion,She,3
Pygmalion,emotion,3
Jemima,fragrance,3
Jemima,breath,3
Jemima,enjoyment,3
gloom,Maria,3
gloom,horizon,3
gloom,sun,3
yells,tomb,3
yells,death,3
men,tomb,3
men,death,3
tears,reasoning,2
tears,page,2
tenderness,reasoning,2
tenderness,page,2
ray,horizon,2
ray,futurity,2
hope,horizon,2
hope,futurity,2
midst_of,horizon,2
midst_of,futurity,2
Maria,horizon,2
Maria,futurity,2
reveries,horizon,2
reveries,futurity,2
grief,Maria,2
grief,child,2
light,Maria,2
light,child,2
tender,Maria,2
tender,heart,2
resource,books,2
resource,Maria,2
sorrow,books,2
dreams,books,2
dreams,Maria,2
wretchedness,books,2
felicity,books,2
sensibility,books,2
mother,task,2
mother,impressions,2
employment,weight,2
employment,time,2
father,Maria,2
father,outrage,2
brother,Maria,2
brother,outrage,2
virtue,aspect,2
virtue,independence,2
Maria,compensation,2
Maria,reward,2
husband,charge,2
Maria,ruins,2
Maria,soul,2
stream_overflowing,stream_banks,2
stream_overflowing,banks,2
marble,degree,2
marble,anguish,2
brass,degree,2
brass,anguish,2
trust_of,degree,2
trust_of,anguish,2
fame,degree,2
fame,anguish,2
imbecility,features,2
imbecility,wretches,2
imagination,sense,2
imagination,woe,2
Maria,misery,2
fancy,misery,2
Maria,tales,2
Maria,wrongs,2
Maria,weeks,2
Maria,narrative,2
pains,Maria,2
Maria,emotion,2
notes,Maria,2
notes,attention,2
remarks,state_of,2
remarks,majority,2
it,sentiment,2
it,grace,2
They,me,2
They,They,2
voice,information,2
voice,ear,2
Jemima,slipper,2
Jemima,room,2
herself,moon,2
herself,motion,2
use,me,2
use,I,2
forbore,questions_respecting,2
forbore,person,2
Maria,rumour,2
Maria,house,2
Jemima,senses,2
maniac,Maria,2
maniac,ear,2
strain_was,Maria,2
strain_was,ear,2
freshness,Maria,2
freshness,heart,2
sound,stillness_of,2
sound,nature,2
branch,stillness_of,2
branch,nature,2
twittering,stillness_of,2
twittering,nature,2
bird,stillness_of,2
bird,nature,2
somebody,Maria,2
acquaintance,attention,2
He,sympathy,2
acquaintance,sympathy,2
Ties,minds,2
Ties,principles,2
nature,minds,2
nature,principles,2
laws,voice,2
laws,framing,2
beings,voice,2
beings,framing,2
Grief,transports,2
Grief,love,2
eyes,liberty,2
eyes,love,2
Maria,jailor,2
Jemima,husband,2
reality,door,2
reality,misery,2
situation,suspicion,2
situation,mind,2
Jemima,reply,2
Jemima,note,2
HENRY,window,2
DARNFORD,window,2
Maria,advantage,2
Maria,cause,2
wretches,endears,2
wretches,life,2
flash,clouds,2
flash,heaven,2
Jemima,evenings,2
people,command,2
people,reason,2
trunk,books,2
trunk,Maria,2
His,Jemima,2
His,deliverer,2
Nothing,lustre_of,2
Nothing,youth,2
meanness,lustre_of,2
meanness,youth,2
I,sweets,2
I,acquaintance,2
I,resource,2
I,commission,2
youth,America,2
youth,heart,2
I,parts,2
prejudices,clime,2
prejudices,soil,2
ancestors_undauntedly,clime,2
ancestors_undauntedly,soil,2
resolution,rivers,2
resolution,seas,2
ancestors_,rivers,2
ancestors_,seas,2
I,track,2
I,land,2
animals,part,2
animals,household,2
I,pardon,2
I,frankness,2
keepers,confinement,2
Darnford,heart,2
counsel,adultery,2
wife,client,2
wife,house,2
client,defendant,2
officers,wife,2
officers,client,2
wife,escape,2
wife,occasion,2
Witnesses,facts,2
I,institution_which,2
women,protectorship,2
women,mothers,2
I,provocations,2
Mr_Venables,sums,2
Mr_Venables,relation,2
George,sums,2
George,relation,2
Mr_Venables,person,2
George,person,2
Mr_Venables,fortune,2
George,fortune,2
I,settlement,2
I,fortune,2
morality,virtue,2
morality,women,2
I,loss,2
I,adultery,2
Darnford,resolution,2
sight,resolution,2
heaven,me,2
heaven,resolution,2
power,resolution,2
earth,resolution,2
notions,rules,2
notions,conduct,2
it,flood,2
it,gate,2
experience,parents,2
experience,relations,2
Her,death,2
head,swimming,2
head,head,2
Jemima,journey,2
child,word,2
child,amma,2
Jemima,word,2
Jemima,amma,2
journey,word,2
journey,amma,2
Jemima,passion,2
Jemima,tears,2
Jemima,head,2
scent,sense,2
scent,pleasure,2
flowers,sense,2
flowers,pleasure,2
heath,sense,2
heath,pleasure,2
veins,sense,2
veins,pleasure,2
husband,degree,2
husband,selfishness,2
me,counsel,2
husband,understanding_,2
me,tenderness,2
me,heart,2
counsel,tenderness,2
counsel,heart,2
husband,wings,2
system_of,charms,2
system_of,passion,2
refinement,charms,2
refinement,passion,2
part,charms,2
part,passion,2
love,charms,2
love,passion,2
female,charms,2
female,passion,2
breast_,charms,2
breast_,passion,2
spring,charms,2
spring,passion,2
respects,charms,2
respects,passion,2
virtues,spirit,2
virtues,friendship,2
women,husbands,2
pity,purity,2
pity,feelings,2
contempt,purity,2
contempt,feelings,2
I,rectitude,2
I,contrary,2
we,minds,2
Men,sight,2
Men,virtue,2
us,nature,2
us,cause,2
it,affections,2
it,herself,2
I,reflections,2
manners,contrast_with,2
manners,husband,2
manners,men,2
manners,watch,2
contrast_with,men,2
contrast_with,watch,2
master_of,smiles,2
master_of,world,2
fate,smiles,2
fate,world,2
Freedom,women,2
Freedom,minds,2
conduct,women,2
conduct,minds,2
train,ruin,2
train,disgrace,2
actions,ruin,2
actions,disgrace,2
we,uncle,2
we,departure,2
I,pillow,2
uncle,sorrow,2
engagement,love,2
engagement,esteem_,2
indissoluble,love,2
indissoluble,esteem_,2
children,love,2
children,esteem_,2
feelings,love,2
feelings,esteem_,2
case,love,2
case,esteem_,2
Esteem_will,place,2
Esteem_will,love,2
me,kiss,2
juices,source,2
juices,virtue,2
pounds,uncle,2
discovery,me,2
discovery,pleasure,2
assertion,me,2
assertion,pleasure,2
uncle,society,2
fondness,regard,2
fondness,me,2
sisters_,sisters_,2
sisters_,home,2
school,sisters_,2
school,home,2
town,sisters_,2
town,home,2
I,days,2
I,view,2
experiments,space,2
experiments,years,2
alterations,space,2
alterations,years,2
I,apartment,2
state_in,delicacy,2
state_in,sensibility,2
I,arms,2
intimacy,contempt,2
intimacy,endowments,2
women,contempt,2
women,endowments,2
habits,contempt,2
habits,endowments,2
thinking,contempt,2
thinking,endowments,2
Women,husband,2
Women,affection,2
night,squeamishness,2
night,stomach_alone,2
intemperance,squeamishness,2
intemperance,stomach_alone,2
husband,squeamishness,2
husband,stomach_alone,2
pains,squeamishness,2
pains,stomach_alone,2
husband,pains,2
board,eyes,2
husband,eyes,2
baker,me,2
baker,use,2
money,me,2
money,use,2
uncle,use,2
house,master_of,2
house,it,2
loans,master_of,2
loans,it,2
uncle,master_of,2
spirit,situation,2
spirit,yourself,2
husband,business,2
master_for,pair,2
master_for,shoes,2
I,discovery,2
I,noisome,2
I,reptile,2
George,us,2
conductress,opportunity,2
conductress,matters,2
I,conductress,2
me,earth,2
lines,edition,2
lines,paragraph,2
asterisks_,edition,2
asterisks_,paragraph,2
Publisher,edition,2
Publisher,paragraph,2
note,edition,2
note,paragraph,2
I,present,2
landlady,commiseration,2
women,manners,2
women,actions,2
I,sufferings,2
I,matter,2
husband,right,2
I,water,2
I,complaints,2
I,shift,2
I,journeys,2
it,sufferings,2
it,others,2
I,persecution,2
we,journey,2
we,Italy,2
I,felicity,2
husband,mother,2
husband,care,2
tenderness,mother,2
tenderness,care,2
I,purity,2
I,joy,2
I,griefs,2
apprehensions,indignation,2
apprehensions,compassion,2
Mr_Venables,fool,2
George,fool,2
Mr_Venables,farce,2
George,farce,2
I,farce,2
women,something,2
I,harangue,2
passions,motive,2
Roxana,part,2
Roxana,life,2
me,memory,2
men,nothing,2
men,world,2
conversation,effect,2
conversation,spirits,2
manners,effect,2
manners,spirits,2
I,blood,2
I,ground,2
I,complaint,2
I,prelude,2
insinuation,business,2
insinuation,interest_,2
I,footsteps_approach,2
consciousness,animation,2
consciousness,fingers,2
I,alteration,2
I,dress,2
I,work,2
boy,coach,2
coachman,part,2
coachman,town,2
husband,bills,2
me,apartment,2
me,fortnight,2
person,Mr_Venables,2
person,George,2
husband,apology,2
lady,apology,2
Mr_Venables,law,2
George,law,2
He,m,2
person,Master_had,2
person,respect,2
I,choler,2
I,curses,2
landlady,affection,2
me,refuge,2
motives,me,2
motives,home,2
He,husband,2
He,search,2
me,search,2
He,word,2
I,music,2
fate,me,2
fate,pleasure,2
Surprise,Maria,2
Surprise,faculties,2
astonishment_,Maria,2
astonishment_,faculties,2
distraction_,Maria,2
distraction_,faculties,2
whirlwind,pulse,2
rage,pulse,2
indignation,pulse,2
thoughts,spirit,2
window,view,2
window,garden,2
chamber,view,2
chamber,garden,2
stones_not,breaches,2
stones_not,time,2
ladies,care,2
ladies,intent,2
madness,disgust_for,2
madness,food,2
attendant,Maria,2
attendant,pause,2
Maria,features,2
Maria,eyes,2
Maria,hem,2
wretchedness,perdition,2
Maria,perdition,2
mother,perdition,2
It,face,2
Maria,return,2
name,privileges,2
Maria,subsistence_in,2
outcast_from,subsistence_in,2
outcast_from,family,2
society,subsistence_in,2
society,family,2
Maria,days,2
Maria,traces,2
mark,progress,2
mark,time,2
attorney,Mr_Venables,2
attorney,George,2
husband,child,2
I,seas,2
I,residence,2
Mr_Venables,delight,2
Mr_Venables,stratagem_after,2
George,delight,2
George,stratagem_after,2
I,put,2
me,thee,2
me,arms,2
gate,I,2
gate,recollection,2
I,affright,2
heart,room,2
heart,head,2
trees,trees,2
trees,avenue,2
avenue,trees,2
avenue,avenue,2
limbs,will,2
I,terror,2
female,fangs,2
female,enemies,2
hearts,persons,2
hearts,degree,2
readers,touches,2
readers,genius,2
sketches,touches,2
sketches,genius,2
time,touches,2
time,genius,2
Mr_Venables,family,2
Mr_Venables,usefulness,2
George,usefulness,2
tender,plea,2
tender,fear,2
mother,plea,2
mother,fear,2
husband,idiot,2
husband,bondage,2
me,mode,2
me,attack,2
I,contempt,2
it,casuist_to,2
it,difference,2
Mr_S,accommodation,2
Mr_S,bills,2
S,accommodation,2
S,bills,2
Mr_S,it,2
Mr_S,indignation,2
S,it,2
S,indignation,2
Mr_S,want,2
Mr_S,money,2
S,want,2
S,money,2
friend,want,2
Mr_S,gentleness,2
Mr_S,encouragement,2
S,gentleness,2
S,encouragement,2
Mr_S,room,2
Mr_S,purpose,2
S,room,2
S,purpose,2
me,Mr_S,2
me,S,2
Mr_Venables,countenance,2
George,countenance,2
friend,Mr_Venables,2
friend,George,2
eye,Mr_Venables,2
eye,George,2
Mr_Venables,something,2
Mr_Venables,joke,2
George,something,2
George,joke,2
I,It,2
I,We,2
I,event,2
Mr_Venables,affection,2
George,affection,2
I,h,2
I,ad,2
power,purpose,2
earth,purpose,2
Mr_Venables,apartment,2
George,apartment,2
situation,turn,2
situation,reflection,2
H,spell,2
H,birth,2
ad,spell,2
ad,birth,2
genius,spell,2
genius,birth,2
I,thinking,2
train,misery,2
train,sex,2
me,misery,2
despots,criminals,2
despots,bodies,2
wantonness,criminals,2
wantonness,bodies,2
power,criminals,2
power,bodies,2
laws,fetters,2
FATHER,fellow,2
FATHER,servant,2
FATHER,fervour,2
FATHER,seduction,2
FATHER,mother,2
FATHER,soul,2
neglect,mother,2
neglect,soul,2
resolution,mother,2
resolution,project,2
mother,place,2
children,father,2
children,place,2
footstep_to,father,2
footstep_to,place,2
chicken,wing,2
chicken,shelter,2
I,hag,2
girl,care,2
girl,child,2
daughter,me,2
mother,slop,2
mother,shop,2
friends,slop,2
friends,shop,2
nose,I,2
I,mule,2
contempt,length,2
me,length,2
tears,me,2
tears,length,2
moments,me,2
moments,length,2
I,length,2
contempt,tears,2
master_had,hold,2
master_had,me,2
I,master_disgusting,2
master_contrived,house,2
master_contrived,me,2
me,master_ferocious,2
me,desire,2
anguish,world,2
anguish,me,2
master_gave,me,2
master_gave,medicine,2
master_cursed,fool,2
master_cursed,reflections,2
master_forget,master_customary,2
master_forget,caution,2
mistress_concluded,I,2
mistress_concluded,strumpet_,2
I,post_,2
boy,b,2
boy,notice,2
room,rest_had,2
I,streets_to,2
appearance,me,2
appearance,bed,2
me,rags,2
me,advantage,2
drunkards,me,2
watchmen,I,2
watchmen,fever,2
quarter,I,2
quarter,fever,2
town,I,2
town,fever,2
I,fever,2
I,pack,2
You,tyranny,2
You,wretches,2
women,tithe,2
women,prostitution_,2
vice,itself,2
imagination,tenderness,2
imagination,heart,2
conversation,pleasure,2
conversation,me,2
I,tediousness,2
I,solitude,2
presence,reins,2
presence,tongues,2
I,opportunities,2
I,improvement,2
attention,simplicity,2
attention,manners,2
instructor_,simplicity,2
instructor_,manners,2
aim,springs,2
aim,heart,2
writings,springs,2
writings,heart,2
protector,time,2
protector,reflection,2
I,arrears,2
I,wages,2
I,needlework,2
I,shops,2
I,literature,2
Jemima,narrative,2
Jemima,employment,2
writers,poverty,2
writers,evil,2
copy,author,2
copy,corrections,2
it,weights,2
it,measures,2
me,houses,2
taste_for,me,2
taste_for,it,2
nay,me,2
nay,it,2
pride,me,2
pride,it,2
it,esteem_,2
wolf,me,2
wolf,home,2
girl,shutters,2
girl,times,2
girl,wretch,2
corpse,me,2
corpse,moment,2
I,visage,2
I,spectators,2
I,monster_,2
day,me,2
day,pain,2
load,me,2
load,pain,2
tub,me,2
tub,pain,2
house,me,2
house,hospital,2
virago,gentlemen,2
virago,surgeons,2
nurse,gentlemen,2
nurse,surgeons,2
I,wine,2
I,enemies,2
I,morsel,2
I,bread,2
sympathy,treatment,2
sympathy,asylums,2
parishes,treatment,2
parishes,asylums,2
dread,treatment,2
dread,asylums,2
walls,treatment,2
walls,asylums,2
I,pauper,2
I,funeral,2
imagination,band,2
imagination,assassins,2
I,villain,2
overseer,something,2
overseer,manner,2
I,overseer,2
I,temper,2
kind,father,2
kind,attention,2
servant,attention,2
neighbours,remarks,2
neighbours,finery,2
I,whisper,2
I,scandal,2
mother,blessing,2
child,words,2
child,ears,2
mother,sisters_to,2
sums,care,2
sums,me,2
father,care,2
uncle,care,2
father,sums,2
father,uncle,2
father,weight,2
father,circumstance_,2
example,weight,2
example,circumstance_,2
uncle,company,2
girl,fire,2
girl,menfaculties,2
men,fire,2
I,proposal,2
mother,happiness,2
mother,censure,2
I,meadow,2
we,heath,2
we,pleasure,2
we,humours,2
we,food,2
instructor_,course,2
brother,course,2
father,course,2
church,course,2
intricacies,correspondence,2
intricacies,attachment,2
business,correspondence,2
business,attachment,2
turn,correspondence,2
turn,attachment,2
mind,correspondence,2
mind,attachment,2
blandishments,triumph,2
blandishments,love,2
taste_would,triumph,2
taste_would,love,2
friend,observation,2
friend,relations,2
uncle,mistress_and,2
treachery,garden,2
treachery,sweets,2
His,strength_of,2
His,body,2
wildness,manner,2
wildness,speaking,2
look,manner,2
look,speaking,2
gesture_,manner,2
gesture_,speaking,2
attention,manner,2
attention,speaking,2
mind,manner,2
mind,speaking,2
His,sentiments,2
His,heart,2
affection,uncle,2
affection,me,2
me,picture,2
me,life,2
bickering,mother,2
bickering,temper,2
mansion,father,2
mansion,pride,2
house,pride,2
village,father,2
village,pride,2
We,figures,2
We,form,2
son,me,2
son,attention,2
George,attention,2
I,affections,2
son,wife,2
I,circumstances_which,2
I,knowledge,2
praise,George,2
praise,conduct,2
father,George,2
George,hand,2
George,parting,2
I,nurse,2
wife,living,2
wife,future,2
wife,alls,2
wife,face,2
wife,soul,2
uncle,Daniel,2
It,uncle,2
It,children,2
uncle,kiss,2
uncle,father,2
wife,linen,2
wife,employment,2
tale,it,2
tale,ear,2
Mary,it,2
Mary,ear,2
houses,borough,2
houses,interest_,2
town,borough,2
town,interest_,2
attorney,rents,2
agent,rents,2
wife,sorrow,2
wife,bed,2
maid,distresses_of,2
maid,poverty,2
stairs_with,distresses_of,2
stairs_with,poverty,2
me,distresses_of,2
me,poverty,2
servants,distresses_of,2
servants,poverty,2
mother,mattrass,2
I,feathers,2
uncle,blame,2
I,futurity,2
I,thought,2
I,success,2
remonstrances_scarcely,Mary,2
remonstrances_scarcely,tears,2
I,pressure,2
mother,girls,2
part,music,2
part,room,2
circle,music,2
circle,room,2
Jemima,state_of,2
Jemima,women,2
Sleep,Sleep,2
Sleep,eyelids,2
me,destruction_,2
Jemima,intention,2
manner,intention,2
Jemima,design,2
Maria,mother,2
Maria,shadow,2
Maria,wall,2
female,light,2
Maria,light,2
Maria,demons,2
Jemima,tea,2
Jemima,things,2
letters,poignancy,2
letters,emotions,2
Darnford,poignancy,2
Darnford,emotions,2
tenderness,poignancy,2
tenderness,emotions,2
one,door,2
one,Maria,2
liberty,liberty,2
liberty,sweets,2
keepers,days,2
keepers,letter,2
keepers,moment,2
sound,letter,2
sound,footsteps_,2
Darnford,letter,2
Darnford,footsteps_,2
Jemima,round,2
nurse,frock,2
child,frock,2
child,Darnford,2
nurse,hotel,2
Maria,bills,2
solicitor,Mr_Venables,2
solicitor,George,2
Darnford,circumstances_of,2
Darnford,confinement,2
Maria,journey,2
Darnfordcould,loss,2
Darnfordcould,property,2
lover,people,2
lover,Had,2
Had,people,2
Had,Had,2
play,people,2
play,Had,2
arts,people,2
arts,Had,2
mind,people,2
mind,Had,2
Darnford,felicity,2
men,pretensions,2
men,reality,2
Had,visions,2
Had,bliss,2
heaven,uniformity,2
heaven,palls,2
fancy,uniformity,2
fancy,palls,2
stars_,uniformity,2
stars_,palls,2
life,uniformity,2
life,palls,2
regions,uniformity,2
regions,palls,2
ocean,uniformity,2
ocean,palls,2
futurity,uniformity,2
futurity,palls,2
Poets,scenes,2
Poets,bliss,2
rocks,valley,2
rocks,contentment,2
odium,usefulness,2
odium,Darnford,2
society,usefulness,2
society,Darnford,2
pity,mind,2
sorrow,mind,2
solitude,Maria,2
solitude,mind,2
affections,graces,2
affections,innocence,2
understanding_to,emotions,2
understanding_to,heart,2
thoughtfulness,softness,2
thoughtfulness,features,2
brow,softness,2
brow,features,2
experience,women,2
experience,happiness,2
Pygmalion,ivory,2
Pygmalion,maid,2
fate,statue_in,2
fate,Pygmalion,2
Jemima,toe,2
Jemima,fear,2
fear,alarm,2
fear,worlds,2
Jemima,lips,2
half,Jemima,2
confidence,fidelity,2
confidence,honour,2
Maria,chair,2
I,blush,2
Jemima,account,2
Maria,blossom,1
dreams,sensibility,1
wretchedness,sensibility,1
felicity,sensibility,1
sorrows,character,1
affection,virtue,1
Jemima,You,1
convulsion,contemplation,1
object,senses,1
object,passions,1
senses,passions,1
Maria,corpse,1
Maria,forms,1
Maria,confidence,1
conversation,confidence,1
changes,Maria,1
alacrity,Maria,1
parcel,Maria,1
books,Maria,1
keepers,Maria,1
gentleman,Maria,1
corner,Maria,1
gallery,Maria,1
power,heart,1
me,They,1
vehemence,apprehension,1
herself,half,1
objects,attention,1
questions_respecting,person,1
modulation,Jemima,1
Maria,door,1
Maria,work,1
Maria,worth,1
worth,Maria,1
clouds,shadows,1
twilight,shadows,1
breeze,scent,1
morn,scent,1
life,variety,1
Maria,unknown,1
Maria,disappointment,1
Maria,passages,1
sound,acquaintance,1
voice,acquaintance,1
acquaintance,nothing,1
laws,matrimony,1
principles,minds,1
Delicacy,husband,1
Darnford,hand,1
Darnford,eyes,1
attorney,letter,1
Jemima,heir,1
Jemima,deception,1
mind,we,1
sentiments,Maria,1
passions,force,1
Jemima,paper,1
I,answer,1
Maria,obligation,1
Maria,converse,1
darkness,horrors,1
observations,Maria,1
Darnford,interview,1
torrent,opposition,1
hope,impatience,1
His,it,1
conversation,minds,1
world,minds,1
subject,minds,1
flashes,minds,1
sentiment,minds,1
feature,minds,1
Darnford,experience,1
delicacy,youth,1
vulgarity,I,1
women,I,1
lips,I,1
I,prisoner,1
sentiments,change,1
manners,Europe,1
prejudices,ancestors_undauntedly,1
resolution,ancestors_,1
resolution,shores,1
damps,limbs,1
resolution,speculations,1
ancestors_,speculations,1
pursuit,speculations,1
independence,speculations,1
rivers,speculations,1
seas,speculations,1
character,phenomenon,1
ladies,tone,1
I,trees,1
I,crops,1
I,experience,1
I,industry_the,1
ocean,lakes,1
I,commerce,1
I,Europe,1
coach,me,1
I,glimpse,1
Darnford,words,1
Maria,seduction,1
wife,cause,1
wife,defendant,1
delicacy,dwelling,1
conduct,wife,1
adultery,witnesses,1
reputation,compunction,1
wife,earnest_to,1
laws,women,1
men,delicacy,1
I,birth,1
institution_which,world,1
Mr_Venables,speculations,1
George,speculations,1
I,compliance,1
Mr_Venables,opportunities,1
George,opportunities,1
Mr_Venables,money,1
George,money,1
I,obligations,1
Mr_Venables,void,1
George,void,1
conduct,void,1
law,home,1
I,maintenance,1
laws,proceeding,1
I,animadvert,1
world,I,1
I,oppressor,1
it,affection,1
tie,Mr_and,1
will,excuse,1
husband,excuse,1
command,crimes,1
husband,crimes,1
country,conduct,1
I,deliberation,1
Darnford,Mr_Mr,1
I,divorce,1
judgment,laws,1
me,resolution,1
judge,evidence,1
We,principles,1
Englishman,adultery,1
adulteress,seducer,1
I,sentences,1
I,whole,1
circumstances_occasioned,delays,1
it,nobler,1
H,patience,1
readers,hints,1
province,events,1
view,fancy,1
grosser,account,1
part,account,1
mankind,account,1
scent,veins,1
flowers,veins,1
heath,veins,1
chickens,common,1
I,sorrows,1
suspicion,head,1
me,understanding_,1
counsel,understanding_,1
spirit,fragrance,1
air,fragrance,1
charms,passion,1
moralists_,women,1
novelists_or,harm,1
moralists_may,harm,1
me,nerves,1
nerves,senses,1
novelists_or,tenderness,1
moralists_may,tenderness,1
imagination,sensibility,1
Men,morality,1
us,morality,1
husband,breath,1
herself,power,1
I,narrative,1
habit,interest_produced,1
Marriage,me,1
torrent,husband,1
emotions,feeling,1
feeling,feeling,1
sensibility,sacrifices,1
men,laws,1
compensation,husband,1
experience,remarks,1
I,lovers,1
principles,conduct,1
health,uncle,1
uncle,Lisbon,1
I,engagement,1
husband,clog,1
dignity,clog,1
tenderness,uncle,1
I,pen,1
we,London,1
objection,me,1
I,wasp,1
demon,paradise,1
discord,paradise,1
me,character,1
circumstances_were,taste_,1
commerce,husband,1
relaxations,husband,1
embarrassments,husband,1
husband,sisters_,1
Mrs_played,Califta,1
He,pair,1
arts,pair,1
I,dependence,1
we,subjects,1
we,company,1
display,I,1
riches,I,1
hits,money,1
I,affairs,1
accident,affairs,1
information,heart,1
heart,arms,1
mirth,spirits,1
nature,spirits,1
ornaments,attention,1
manners,attention,1
wine,tongue,1
endowments,minds,1
Women,persons,1
Women,pains,1
women,fops,1
I,disgust_,1
squeamishness,appetite,1
stomach_alone,appetite,1
night,appetite,1
intemperance,appetite,1
brother,father,1
mother,it,1
children,it,1
sisters_had,school,1
women,refuge,1
passions,refuge,1
feelings,refuge,1
loans,house,1
uncle,house,1
house,room,1
loans,room,1
uncle,room,1
I,hope,1
husband,house,1
unfeeling,I,1
tone,I,1
voice,I,1
I,parlour,1
peevishness,wrinkles,1
pain,wrinkles,1
Mr_Venables,marriage,1
George,marriage,1
me,abhorrence,1
I,abhorrence,1
state_of,me,1
child,me,1
Mr_Venables,residence,1
George,residence,1
me,door,1
I,vexation,1
Mr_Venables,us,1
conductress,us,1
Mr_Mr,conversation,1
gentleman,apartments,1
countenance,story_,1
stranger_intended,landing,1
They,house,1
Mr_Venables,lodging,1
George,lodging,1
feelings,me,1
recollection,me,1
circumstances_,me,1
moment,me,1
emotion,me,1
delicacy,sensibility,1
I,pawnbroker,1
absence,me,1
years,me,1
God,me,1
creditors,husband,1
husband,goods,1
I,incidents,1
me,journeys,1
I,resistance_,1
uncle,conduct,1
conduct,child,1
uncle,remonstrances_my,1
I,assassin,1
exercise,mind,1
imagination,mind,1
visit,I,1
brother,I,1
manner,I,1
death,I,1
death,state_widowed,1
uncle,state_widowed,1
I,thee,1
thou,me,1
didst_not,me,1
heart,heart,1
gesture_reminded,me,1
smile,hope,1
I,lisp,1
audacity,bed,1
me,haste_,1
I,deign,1
Mr_Venables,obstinacy_,1
George,obstinacy_,1
people,motive,1
Mr_Venables,speech,1
George,speech,1
Mr_Venables,stairs_to,1
George,stairs_to,1
I,resentment,1
emotions,soul,1
husband,dislike,1
world,world,1
interest_,world,1
men,nonsense,1
nothing,nonsense,1
world,nonsense,1
vessel,present,1
speculation,present,1
decision,I,1
judgment,I,1
disappointment,it,1
blood,countenance,1
They,sensations,1
I,fog,1
I,lesson,1
I,directions,1
I,coachman,1
I,corner,1
acquaintance,tyrant,1
I,trouble,1
face,remark,1
lines,remark,1
wrinkles,remark,1
heart,landlady,1
advertisement,eye,1
Mr_Venables,surprise,1
George,surprise,1
meanness,surprise,1
soul,surprise,1
step_did,surprise,1
Resentment,love,1
breast_,love,1
manner,husband,1
husband,lady,1
Master_might,frolics,1
Lord_bless,heart,1
I,Master_to,1
I,price,1
I,felon,1
tyrant,landlady,1
landlady,it,1
sight,consequence,1
advertisement,consequence,1
I,person,1
person,me,1
me,loss,1
He,uncle,1
He,intelligence,1
thee,train,1
Maria,aliment,1
plot,mind,1
blow,Maria,1
accents,treatment,1
Maria,judgment,1
You,dinner,1
I,appetite,1
care,ladies,1
You,morsel,1
attendant,head,1
I,refreshment,1
drug,exertion,1
suffocation,emotions,1
voice,emotions,1
Maria,physician,1
family,physician,1
person,hem,1
physician,hem,1
family,hem,1
master_trusted,Maria,1
Maria,support,1
blight,Maria,1
Maria,observation,1
Maria,sorrow,1
purpose,Maria,1
women,slaves,1
Maria,office,1
Maria,wages,1
Maria,listlessness_,1
Hearing,person,1
Maria,person,1
I,kingdom,1
we,arrow,1
I,supply,1
I,brothers,1
family,attention,1
manner,me,1
property,me,1
addition,me,1
sister_,me,1
sister_to,me,1
sister_determined,me,1
lover,me,1
sister_had,me,1
time,me,1
sister_had,time,1
I,sister_to,1
I,pit,1
attorney,reconciliation,1
Mr_Venables,reconciliation,1
George,reconciliation,1
excursions,reconciliation,1
me,reconciliation,1
hiding,reconciliation,1
places,reconciliation,1
insinuation,I,1
money,I,1
purposes,I,1
bond,me,1
anxiety,me,1
me,determination,1
I,valet,1
I,Dover,1
I,fears,1
tiger,comfort,1
creeking,I,1
hinges,I,1
stranger_put,lantern,1
door,arms,1
stranger_put,arms,1
It,strength_,1
I,steps_into,1
candle,darkness,1
socket,darkness,1
female,me,1
faces,doors,1
I,sounds,1
curiosity,degree,1
sequel,degree,1
story_,degree,1
form,himself,1
readers,gratification,1
GENTLEMAN,me,1
manners,me,1
I,concealments,1
I,plan,1
pretences,me,1
respect,will,1
esteem_depended,will,1
Mr_Mr,notes,1
Mr_Venables,notes,1
George,notes,1
number,alarm,1
women,alarm,1
virtue,alarm,1
it,alarm,1
dupe,friendship,1
me,friendship,1
I,conquest_,1
style_of,conquest_,1
badinage,conquest_,1
I,politeness,1
casuist_to,difference,1
Mr_S,steps_,1
S,steps_,1
sex,evils,1
shows,I,1
friendship,I,1
nay,I,1
Mr_S,patriotism,1
S,patriotism,1
time,patriotism,1
friend,me,1
me,aid,1
Mr_S,friendship,1
S,friendship,1
sneer,curiosity,1
Mr_S,sentiments,1
S,sentiments,1
I,tie,1
I,subterfuge,1
I,faith,1
I,ring,1
Astonishment_closed,lips,1
Mr_Venables,rapidity,1
George,rapidity,1
scene,rapidity,1
I,window,1
gale,cheek,1
I,gale,1
I,advice,1
prudence,me,1
sense,me,1
propriety,me,1
h,purpose,1
ad,purpose,1
Mr_Venables,expression,1
George,expression,1
countenance,expression,1
I,airs,1
Nothing,mind,1
I,inconveniences,1
mind,itself,1
demon,chaos,1
Jemima,principles,1
mother,principles,1
Jemima,shame,1
mother,methods,1
mother,comfort,1
situation,comfort,1
father,nurse,1
office,tenderness,1
mother,tenderness,1
hag,nothing,1
I,blows,1
labour,child,1
mother,discontent,1
gown,humour,1
father,sister_,1
I,falshood,1
I,untruths,1
body,me,1
wretch,I,1
stone_and,I,1
iron,I,1
grasp,I,1
dregs,I,1
misery,I,1
me,observation,1
one,me,1
I,slavery,1
infamy,slavery,1
companions,it,1
master_desired,me,1
master_desired,phial,1
me,phial,1
I,storm_,1
mistress_tore,cap,1
mistress_tore,me,1
I,claim,1
mistress_coming,heart,1
boys,tale,1
shop,tale,1
potion,me,1
abortion,me,1
lodging,rest_had,1
necessaries,rest_had,1
appearance,pence,1
me,bed,1
Jemima,imagination,1
tyranny,laws,1
wretches,laws,1
conscience,tyranny,1
heart,tyranny,1
women,favours,1
proofs,esteem_was,1
humanity,esteem_was,1
disposition,esteem_was,1
exercise,imagination,1
genius,imagination,1
I,sentence,1
I,arguments,1
I,subjects,1
master_occasionally,master_up,1
I,principles,1
me,subjects,1
wife,care,1
honesty_and,I,1
economy,I,1
it,conscience,1
it,mistress_,1
Tears,tears,1
contempt,wretch,1
I,ghost_among,1
work,hands,1
linen,I,1
shops,I,1
linen,work,1
shops,work,1
women,work,1
want,place,1
character,place,1
I,trial,1
I,employment,1
I,gentlemen,1
gentlemen,me,1
company,me,1
companion,me,1
gentlemen,health,1
company,health,1
companion,health,1
I,occasion,1
person,employment,1
women,labour,1
thought,curiosity,1
information,curiosity,1
change,opinion,1
system_,opinion,1
authors,fact,1
side,fact,1
question_are,fact,1
observation,opinion,1
mind,opinion,1
riches,happiness,1
culture,pace,1
heart,pace,1
industry_,livelihood,1
abilities,livelihood,1
duties,mankind,1
father,shutters,1
door,shutters,1
Jemima,remorse,1
me,moment,1
spectators,tale,1
I,state_,1
fever,I,1
Hospitals,recommendation,1
I,recommendation,1
plea,recommendation,1
right,recommendation,1
assistance_,recommendation,1
plea,admittance,1
parish,me,1
attendants,it,1
pupils,experiments,1
matron,countenance,1
matron,patients,1
lady,enquiries,1
nurses,hour,1
hunger,I,1
fatigue,I,1
inhabitant,I,1
I,charity,1
treatment,sympathy,1
asylums,sympathy,1
dread,walls,1
labour,prisons,1
noise,Jemima,1
coffin,prey,1
insensibility,I,1
overseer,parishes,1
overseer,dwelling,1
champion,humanity,1
I,ruin,1
spirits,parent,1
parent,girls,1
mother,reflections,1
conduct,reflections,1
me,reflections,1
solicitude,affection,1
grasp,emotion,1
mother,emotion,1
hand,emotion,1
death,father,1
society,monsters_of,1
tenour,life,1
mother,life,1
tenderness,me,1
spite,me,1
violence,me,1
temper,me,1
stars_permit,it,1
George,question_,1
George,remark,1
resentment,I,1
animal,ebullitions,1
spirits,ebullitions,1
people,ebullitions,1
George,sentiments,1
happiness,me,1
tenderness,imagination,1
heart,imagination,1
place,abode,1
fancy,abode,1
emotions,me,1
father,world,1
constitution_of,kind,1
society,kind,1
Death,me,1
example,sake,1
account,service,1
preferment,service,1
men,service,1
merit,service,1
family,service,1
connections,service,1
borough,service,1
interest_,service,1
father,service,1
country,service,1
father,country,1
mother,shrouds,1
none,affection,1
children,affection,1
indulgence,thought,1
food,humours,1
word,employment,1
father,employment,1
humour,employment,1
course,education,1
nobleman,India,1
dreams,correspondence,1
sunshine,freshness,1
love,freshness,1
friendship,freshness,1
friend,letters,1
buds,themselves,1
fever,His,1
derangement,place,1
relations,His,1
His,mind,1
I,opinions,1
me,censure,1
His,imagination,1
uncle,tyranny,1
mansion,spring,1
house,spring,1
village,spring,1
merchant,fortune,1
son,firm,1
son,peace,1
George,mask,1
turn,meaning,1
thoughts,meaning,1
I,incident,1
mother,brother,1
He,voyage,1
misfortune,wife,1
Daniel,acquaintance,1
upLondon,voice,1
Jacky,voice,1
God,soul,1
uncle,cottage,1
uncle,washing,1
shillings,wife,1
week,wife,1
necessaries,wife,1
children,wife,1
Mr_Venables,estate_purchased,1
George,estate_purchased,1
brother,wife,1
I,needs,1
wife,people,1
I,mattresses,1
servants,it,1
me,mattrass,1
blanket,me,1
midst_of,mother,1
package,mother,1
We,mattrass,1
purpose,eloquence,1
character,me,1
I,rent,1
flower,hedge,1
world,me,1
face,me,1
features,me,1
warmth,remonstrances_then,1
remonstrances_then,me,1
tap,I,1
shoulder,I,1
Charlotte,I,1
chair,I,1
revolution,place,1
I,guinea,1
virtue,impulse,1
thoughts,range,1
purpose,success,1
warmth,repulse,1
Jemima,torrent,1
Maria,point,1
morrow,town,1
morrow,information,1
directions,Maria,1
wind,Maria,1
Maria,moment,1
sound,Maria,1
foot,Maria,1
step_,Maria,1
Maria,spectre,1
Jemima,spectre,1
Jemima,table,1
Maria,cup,1
death,Maria,1
circumstances_corroborated,opinion,1
I,arrangements,1
visage,devil,1
Maria,fear,1
kind,stone_after,1
sport,stone_after,1
Maria,enquiries,1
church,yard,1
yard,yard,1
turf,yard,1
Maria,relic,1
Maria,propriety,1
They,lodging,1
Jemima,stipend_,1
relation,fortune,1
heir,fortune,1
keeper,kingdom,1
house,kingdom,1
enquiries,Darnford,1
Darnfordcould,Darnford,1
Ranelagh,Maria,1
ladies,Maria,1
fame,Thesebeen,1
fame,girls,1
Thesebeen,girls,1
child,intrigue,1
people,Had,1
notions,root,1
happiness,mind,1
reveries,themselves,1
imagination,themselves,1
romance,heart,1
pleasure,heart,1
women,motives,1
irregularity,mass,1
features,mass,1
struggles_of,mass,1
understanding_to,mass,1
emotions,mass,1
heart,mass,1
thoughtfulness,brow,1
people,talents,1
Maria,repose,1
imagination,repose,1
world,virtues,1
Pygmalion,soul,1
Darnford,affection,1
Pygmalion,affection,1
Jemima,alarm,1
Jemima,solemnity,1
consenting,Jemima,1
kiss,Jemima,1
modesty_,Jemima,1
face,Jemima,1
shoulder,Jemima,1
blush,rest_,1
thee,tints,1
world,beings,1
Jemima,passage,1
air,Jemima,1
confidence,Jemima,1
account,Jemima,1
