I,I,1751
I,me,863
I,Wildman,570
Wildman,Wildman,317
I,it,304
constable_found,Alexander,253
acquaintance,acquaintance,215
I,Agatha,211
gentleman,gentleman,209
G,G,206
G,Marquis,200
acquaintance,rank,198
Marquis,Marquis,195
Marquis,G,195
lady,olive,191
lady,bottle,191
honor,olive,191
honor,bottle,191
I,conductor,190
constable_found,Girkin,180
Mayor,Mayor,173
me,I,170
I,we,153
lady,lady,148
I,sister_Agatha,147
constable_found,Mrs_Girkin,144
I,vessel,144
Wildman,me,141
I,pounds,137
Wildman,I,136
em,conductor,132
vicar,conductor,132
I,mother,120
Lord_W,Lord_W,119
Lord_W,W,119
W,Lord_W,119
W,W,119
I,captain,118
I,Mayor,117
Authors,Authors,116
lady,honor,115
honor,lady,112
honor,honor,112
I,opposition,106
I,town,105
I,day,102
I,way,102
em,I,102
I,Duchess_of,102
I,D,102
I,Countess_of,102
I,R,102
honor,I,98
I,river,98
I,cause,96
I,men,96
Agatha,Agatha,95
I,part,94
hold,olive,92
hold,bottle,92
olive,olive,92
olive,bottle,92
bottle,olive,92
bottle,bottle,92
I,ladies,92
waiter,waiter,92
I,artifices,90
I,servant,89
I,friend,88
lady,I,88
I,thing,86
Mayor,hand,86
I,ring,85
I,account,85
Mayor,eating,85
I,G,85
I,England,82
I,Marquis,82
I,maid,81
I,em,80
I,myself,80
I,family,79
I,house,79
I,gentleman,78
marquis,I,77
Mayor,olives,75
sister_Agatha,Agatha,73
I,worth,73
I,time,72
me,me,72
I,honor,72
Girkin,I,72
Girkin,worth,72
Girkin,maid,72
Girkin,servant,72
pains,gentleman,72
business,gentleman,72
news,gentleman,72
I,lad,71
I,Mr_Wildman,70
I,materials,69
I,sex,69
I,discernment,69
I,beauties,69
I,perfections,69
I,labor,68
Wildman,vessel,68
Mayor,bottle,67
Mayor,Lucca,67
I,seat,66
vicar,I,66
I,service,65
I,finger,64
truth,I,64
mother,I,63
I,shore,63
I,office,62
I,passage,61
G,office,61
speaker,speaker,61
speaker,words,61
words,speaker,61
words,words,61
I,Miss_Slash,60
I,Slash,60
I,country,60
G,me,59
lady,me,59
honor,me,59
Agatha,me,58
lady,house,58
I,price,57
I,eating,57
I,us,56
libeller,I,56
Piccadilly,I,56
honor,house,56
I,issue,56
father,father,56
Lord_W,office,56
W,office,56
I,money,55
I,satisfaction,55
I,year,55
Marquis,me,55
I,attendants,54
I,business,53
I,advantage,53
I,lady,53
Marquis,office,53
Lord_S,me,52
S,me,52
Countess_of,Duchess_of,52
Countess_of,D,52
Countess_of,Countess_of,52
Countess_of,R,52
R,Duchess_of,52
R,D,52
R,Countess_of,52
R,R,52
I,assistance_,52
I,brother,51
lad,me,51
gentleman,it,51
He,I,51
I,opportunity,50
event,son,50
baronet,mother,50
widow,mother,50
lad,Finchly,49
olive,lady,49
olive,honor,49
bottle,lady,49
bottle,honor,49
I,distance_from,49
mayor,Mrs_Girkin,48
mayor,Girkin,48
I,leave,48
I,reach,48
I,temptation,48
lady,room,48
honor,room,48
I,attorneys,48
I,life,47
I,measures,47
I,argument,47
I,m,47
I,success,46
I,one,46
I,point,46
I,sight,46
men,I,46
I,doubt,46
marquis,it,46
hold,lady,46
hold,honor,46
hold,I,46
olive,I,46
bottle,I,46
Duchess_of,Duchess_of,46
Duchess_of,D,46
Duchess_of,Countess_of,46
Duchess_of,R,46
D,Duchess_of,46
D,D,46
D,Countess_of,46
D,R,46
me,He,46
acquaintance,king,46
acquaintance,levee,46
acquaintance,day,46
I,dispute,45
I,letter,45
I,attention,45
I,course,44
Mayor,I,44
lady,afternoon,44
lady,shop,44
lady,hours,44
lady,hamper,44
lady,eyes,44
lady,chamber,44
honor,afternoon,44
honor,shop,44
honor,hours,44
honor,hamper,44
honor,eyes,44
honor,chamber,44
em,receipt,44
vicar,receipt,44
Jack,Moses,44
I,London,43
I,Sir_Robert,43
I,Robert,43
I,Walpole,43
Lord_S,Lord_S,43
Lord_S,S,43
S,Lord_S,43
S,S,43
Mayor,me,43
mother,garden,42
mother,means,42
I,hand,42
I,arguments,42
I,bottle,42
I,Lucca,42
I,olives,42
person,person,41
I,word,41
I,chaise,41
me,Lord_S,41
me,S,41
I,bribe,41
Jack,hair,41
baronet,sons,41
widow,sons,41
I,chance,40
I,company,40
sister_Agatha,me,40
Mayor,shop,40
we,conduct,40
baronet,pounds,40
widow,pounds,40
I,daughter,39
Mayor,Slash,39
Mayor,em,39
D,Moses,39
D,hair,39
liver,Moses,39
liver,hair,39
acquaintance,sight,39
Wildman,seat,38
I,charges,38
me,friend,38
we,Mr_Wildman,38
we,Wildman,38
we,daughter,38
we,wife,38
I,reason,38
I,contents,37
I,Lord_S,37
I,S,37
I,liberty,37
I,master_of,37
I,board,37
Wildman,part,37
Wildman,England,37
we,we,37
acquaintance,thing,37
acquaintance,respect,37
acquaintance,one,37
I,years,36
I,contrary,36
I,vow,36
constable_found,constable_way,36
constable_found,way,36
constable_found,scenes,36
constable_found,collar,36
constable_found,robes,36
constable_found,Mr_Girkin,36
constable_found,justice_,36
constable_found,room,36
constable_found,mob,36
constable_found,rabble,36
constable_found,worship,36
constable_found,degree,36
constable_found,pleasantry,36
constable_found,play,36
constable_found,shop,36
constable_found,Great,36
constable_found,body,36
constable_found,guards,36
constable_found,part,36
constable_found,house,36
Mrs_Girkin,I,36
Mrs_Girkin,worth,36
Mrs_Girkin,maid,36
Mrs_Girkin,servant,36
Girkin,pardon,36
Girkin,way,36
Girkin,thinking,36
Girkin,trull,36
Girkin,shop,36
Girkin,penny,36
Girkin,vinegar,36
Girkin,farthing,36
Girkin,matches,36
Girkin,disgrace,36
Miss_Slash,I,36
Miss_Slash,worth,36
Miss_Slash,maid,36
Miss_Slash,servant,36
Slash,I,36
Slash,worth,36
Slash,maid,36
Slash,servant,36
em,worth,36
em,maid,36
em,servant,36
husband,I,36
husband,worth,36
husband,maid,36
husband,servant,36
Mr_Girkin,I,36
Mr_Girkin,worth,36
Mr_Girkin,maid,36
Mr_Girkin,servant,36
Mr_Mayor,I,36
Mr_Mayor,worth,36
Mr_Mayor,maid,36
Mr_Mayor,servant,36
Mayor,worth,36
Mayor,maid,36
Mayor,servant,36
Mayor,way,35
Agatha,I,34
I,members,34
I,persons,34
maid,it,34
servant,it,34
I,chimney,34
He,me,34
Wildman,attention,34
Wildman,issue,34
Wildman,m,34
Wildman,us,34
Wildman,country,34
Wildman,master_of,34
Wildman,pounds,34
Wildman,ring,34
Wildman,worth,34
Wildman,board,34
Wildman,service,34
Wildman,bribe,34
Pomposo,Pomposo,34
Mrs_Girkin,Mrs_Girkin,33
Mrs_Girkin,Girkin,33
Girkin,Mrs_Girkin,33
Girkin,Girkin,33
I,French,33
I,party,33
sister_Agatha,I,33
marquis,office,33
I,trial,33
nobleman,office,33
I,visit,33
I,care,32
I,minutes,32
I,Lisle,32
I,Flanders,32
I,police,32
I,Brabant,32
I,crown,32
maid,I,32
servant,I,32
I,Sir_J,32
I,J,32
I,F,32
I,ld,32
I,Miss_Wildman,31
I,home,31
gentleman,brother,31
I,moments,30
I,servants,30
I,souls,30
I,Finchly,30
gentleman,debt,30
gentleman,nature,30
me,case,30
Lord_W,pith,30
Lord_W,publication,30
W,pith,30
W,publication,30
I,moment,29
I,matter,29
I,acquaintance,29
Lord_S,I,29
S,I,29
lady,husband,29
I,folly,28
I,deal,28
I,nothing,28
Agatha,sister_Agatha,28
I,uncle,28
I,hearing,28
waiter,way,28
waiter,home,28
waiter,lodgings,28
waiter,bed,28
ladyship,brother,28
Lord_W,me,28
Lord_W,literator,28
Lord_W,retail,28
Lord_W,breakfast_,28
W,me,28
W,literator,28
W,retail,28
W,breakfast_,28
I,thoughts,27
I,conduct,27
person,me,27
I,wife,27
I,witnesses,27
father,I,27
I,event,27
gentleman,acquaintance,27
acquaintance,it,27
acquaintance,gentleman,27
heir,it,27
estate_in,it,27
Ireland,it,27
men,men,27
lady,Sarcasm,27
Sarcasm,lady,27
Sarcasm,Sarcasm,27
I,others,26
Mayor,plate,26
I,Eliza,26
gentleman,event,26
nobleman,Marquis,26
nobleman,G,26
sister_,Duchess_of,26
sister_,D,26
sister_,Countess_of,26
sister_,R,26
Marquis,friend,26
Marquis,dinner,26
G,friend,26
G,dinner,26
I,reputation,25
I,church,25
I,devil,25
I,disposition,25
I,morning,25
I,veil,25
I,pardon,25
I,world,25
marquis,me,25
I,peace,25
father,me,25
heir,gentleman,25
heir,acquaintance,25
estate_in,gentleman,25
estate_in,acquaintance,25
Ireland,gentleman,25
Ireland,acquaintance,25
acquaintance,favor,25
acquaintance,prince,25
baronet,death,25
baronet,life,25
baronet,jointure,25
baronet,year,25
baronet,father,25
baronet,estate_,25
widow,death,25
widow,life,25
widow,jointure,25
widow,year,25
widow,father,25
widow,estate_,25
I,sum,24
I,foreigners,24
I,imposition,24
I,good,24
I,ones,24
Mayor,wife,24
em,me,24
honor,husband,24
we,none,24
I,counsel,24
I,pretexts,24
I,barristers_retained,24
I,fees,24
I,adjournment,24
I,sums,24
I,pockets,24
I,pleaders,24
I,custom_meets,24
I,countenance,24
gentleman,truth,24
gentleman,sense,24
people,gentleman,24
town,gentleman,24
me,men,24
ladyship,I,24
I,preceptor,23
Authors,printing,23
marquis,months,23
marquis,rectory,23
marquis,gift,23
marquis,crown,23
marquis,neighborhood,23
marquis,estate_in,23
marquis,Nottinghamshire,23
marquis,valuel,23
marquis,pounds,23
marquis,year,23
marquis,upwards,23
marquis,house,23
marquis,friend,23
marquis,part,23
marquis,world,23
marquis,disposal,23
hold,me,23
hold,afternoon,23
hold,shop,23
hold,hours,23
hold,hamper,23
hold,house,23
hold,room,23
hold,eyes,23
hold,chamber,23
olive,me,23
olive,afternoon,23
olive,shop,23
olive,hours,23
olive,hamper,23
olive,house,23
olive,room,23
olive,eyes,23
olive,chamber,23
bottle,me,23
bottle,afternoon,23
bottle,shop,23
bottle,hours,23
bottle,hamper,23
bottle,house,23
bottle,room,23
bottle,eyes,23
bottle,chamber,23
I,readier,23
I,themselves,23
me,lenity,23
me,disposal,23
me,magistrate_,23
me,lodging,23
me,Newgate,23
me,place,23
me,residence,23
me,time,23
me,exit,23
me,Tyburn,23
me,lordship,23
I,end,23
I,noviceship,23
I,officers,22
I,bills,22
I,quota,22
I,lordship,22
Mayor,Miss_Slash,22
Mayor,entertainment,22
Mayor,play,22
I,sister_visit,22
I,singing,22
I,sister_bear,22
I,bear,22
I,oddities,22
I,sister_only,22
I,laugh,22
I,information,22
men,lad,22
men,Earl,22
men,S,22
I,affairs,22
em,doubt,22
em,business,22
em,importance,22
em,England,22
em,time,22
em,course,22
em,measures,22
em,property,22
em,return,22
em,thanks,22
vicar,doubt,22
vicar,business,22
vicar,importance,22
vicar,me,22
vicar,England,22
vicar,time,22
vicar,course,22
vicar,measures,22
vicar,property,22
vicar,return,22
vicar,thanks,22
I,property,22
acquaintance,dignity,22
acquaintance,course,22
peer,head,22
I,expenses,21
I,kind,21
I,astonishment_,21
mother,wax,21
mother,impression,21
mother,key,21
mother,door,21
mother,workmen,21
mother,convent,21
mother,articles,21
mother,dress,21
mother,paper,21
mother,things,21
mother,gate,21
mother,hour,21
mother,matins,21
mother,morning,21
I,motives,21
I,wish,21
I,reasoning,21
I,parti,21
I,character,21
waiter,affront,21
waiter,knock,21
waiter,door,21
I,importance,21
Lord_W,nothing,21
W,nothing,21
artifices,artifices,21
I,accidents,20
I,ritual,20
I,talents,20
Authors,unwillingness,20
Authors,inability,20
Lord_S,uncle,20
S,uncle,20
Mayor,object,20
I,plate,20
men,works,20
men,authors,20
I,attacks,20
I,hands,19
I,appearance,19
I,use,19
I,pension,19
friend,me,19
we,applications,19
we,I,19
we,necessity,19
we,law,19
we,year,19
we,property,19
we,death,19
we,mother,19
we,it,19
I,gentlemen,19
I,land,19
king,gentleman,19
I,directions,18
office,I,18
Authors,fruits,18
Authors,labor,18
souls,me,18
Mayor,kind,18
Mrs_Girkin,pardon,18
Mrs_Girkin,way,18
Mrs_Girkin,thinking,18
Mrs_Girkin,trull,18
Mrs_Girkin,shop,18
Mrs_Girkin,penny,18
Mrs_Girkin,vinegar,18
Mrs_Girkin,farthing,18
Mrs_Girkin,matches,18
Mrs_Girkin,disgrace,18
I,thinking,18
I,trull,18
I,shop,18
I,penny,18
I,vinegar,18
I,farthing,18
I,matches,18
I,disgrace,18
Miss_Slash,pardon,18
Miss_Slash,way,18
Miss_Slash,thinking,18
Miss_Slash,trull,18
Miss_Slash,shop,18
Miss_Slash,penny,18
Miss_Slash,vinegar,18
Miss_Slash,farthing,18
Miss_Slash,matches,18
Miss_Slash,disgrace,18
Slash,pardon,18
Slash,way,18
Slash,thinking,18
Slash,trull,18
Slash,shop,18
Slash,penny,18
Slash,vinegar,18
Slash,farthing,18
Slash,matches,18
Slash,disgrace,18
em,pardon,18
em,way,18
em,thinking,18
em,trull,18
em,shop,18
em,penny,18
em,vinegar,18
em,farthing,18
em,matches,18
em,disgrace,18
husband,pardon,18
husband,way,18
husband,thinking,18
husband,trull,18
husband,shop,18
husband,penny,18
husband,vinegar,18
husband,farthing,18
husband,matches,18
husband,disgrace,18
Mr_Girkin,pardon,18
Mr_Girkin,way,18
Mr_Girkin,thinking,18
Mr_Girkin,trull,18
Mr_Girkin,shop,18
Mr_Girkin,penny,18
Mr_Girkin,vinegar,18
Mr_Girkin,farthing,18
Mr_Girkin,matches,18
Mr_Girkin,disgrace,18
Mr_Mayor,pardon,18
Mr_Mayor,way,18
Mr_Mayor,thinking,18
Mr_Mayor,trull,18
Mr_Mayor,shop,18
Mr_Mayor,penny,18
Mr_Mayor,vinegar,18
Mr_Mayor,farthing,18
Mr_Mayor,matches,18
Mr_Mayor,disgrace,18
Mayor,pardon,18
Mayor,thinking,18
Mayor,trull,18
Mayor,penny,18
Mayor,vinegar,18
Mayor,farthing,18
Mayor,matches,18
Mayor,disgrace,18
maid,me,18
servant,me,18
I,return,18
I,attorney,18
Scarce,me,18
Doctor_grumbled,literati,18
Doctor_grumbled,times,18
Doctor_grumbled,era,18
Doctor_grumbled,learning,18
Doctor_grumbled,pretenders,18
Doctor_grumbled,it,18
Doctor_grumbled,quacks,18
Doctor_grumbled,republic,18
Doctor_grumbled,letters,18
Doctor_grumbled,literature,18
Doctor_grumbled,dispensers,18
Doctor_grumbled,words,18
Doctor_grumbled,correction,18
Doctor_grumbled,illumination,18
Doctor_grumbled,science,18
Doctor_grumbled,we,18
Doctor_grumbled,barbarisms,18
Doctor_grumbled,ages,18
sons,sons,18
sons,gentleman,18
gentleman,sons,18
style_,sons,18
style_,gentleman,18
father,sons,18
father,gentleman,18
estate_is,sons,18
estate_is,gentleman,18
I,Wildmans,17
I,north,17
I,reflection,17
I,report,17
I,thousands,17
I,Flogger,17
I,story_,17
I,notice,17
I,person,17
I,hour,17
I,situation,17
I,foot,17
office,office,17
I,rental,17
servants,me,17
character,character,17
friend,em,17
I,piece,17
I,Desdemona,17
Mayor,Biddy,17
Mayor,present,17
Mayor,jar,17
Mayor,pickles,17
Mayor,acknowledgement,17
I,nobility,17
I,cricket,17
I,match,17
I,welfare,17
I,state_to,17
I,bat,17
I,wicket,17
I,boys,17
I,postillions_,17
I,race,17
I,sweeper,17
I,peer,17
nobleman,administration_own,17
He,lenity,17
He,Lord_S,17
He,S,17
He,disposal,17
He,He,17
He,magistrate_,17
He,lodging,17
He,Newgate,17
He,case,17
He,place,17
He,residence,17
He,time,17
I,thanks,17
Jew,boat,17
I,parcel,16
I,half,16
truth,libeller,16
truth,Piccadilly,16
truth,me,16
truth,sale,16
truth,paper,16
truth,week,16
truth,space,16
truth,months,16
truth,pounds,16
truth,expenses,16
truth,time,16
truth,hide,16
I,Table,16
I,Royal,16
I,sols,16
I,pence,16
I,newspaper,16
I,remonstrating_against,16
I,charge,16
point,I,16
houses,I,16
I,difficulty,16
I,meeting,16
Agatha,meeting,16
Agatha,morning,16
Agatha,hour,16
Agatha,place,16
I,altar,16
souls,subject,16
servants,lad,16
servants,Finchly,16
souls,lad,16
souls,Finchly,16
friend,friend,16
gentleman,king,16
maid,account,16
maid,we,16
maid,peace,16
maid,home,16
maid,one,16
maid,secret,16
maid,Miss_Slash,16
maid,Slash,16
maid,em,16
maid,lady,16
maid,honor,16
servant,account,16
servant,we,16
servant,peace,16
servant,home,16
servant,one,16
servant,secret,16
servant,Miss_Slash,16
servant,Slash,16
servant,em,16
servant,lady,16
servant,honor,16
Mrs_Girkin,conversation,16
Girkin,conversation,16
Eliza,me,16
I,vengeance,16
Jack,water,16
speaker,Pay,16
speaker,A,16
words,Pay,16
words,A,16
wants,writer,16
wants,Pomposo,16
Pomposo,writer,16
king,sons,16
mother,brother,16
extremes,extremes,16
extremes,peace,16
extremes,war,16
peace,extremes,16
peace,peace,16
peace,war,16
war,extremes,16
war,peace,16
war,war,16
Brigadier,I,16
Brigadier,defense,16
Brigadier,Brigadier,16
gratitude,family,16
I,copies,16
I,difficulties,16
I,times,15
I,fortune,15
I,Butt,15
wife,Mayor,15
servant,servant,15
I,secret,15
I,reality,15
Marquis,event,15
Marquis,day,15
Marquis,account,15
Marquis,cause,15
Marquis,quiet,15
Marquis,house,15
Marquis,I,15
Marquis,leave,15
G,event,15
G,day,15
G,account,15
G,cause,15
G,quiet,15
G,house,15
G,I,15
G,leave,15
I,quiet,15
friend,Pomposo,15
gentleman,England,15
baronet,brother,15
baronet,baronet,15
baronet,widow,15
widow,brother,15
widow,baronet,15
widow,widow,15
I,Lord_W,15
I,W,15
I,abilities,15
libeller,me,14
libeller,sale,14
libeller,paper,14
libeller,week,14
libeller,space,14
libeller,months,14
libeller,pounds,14
libeller,expenses,14
libeller,time,14
libeller,hide,14
Piccadilly,me,14
Piccadilly,sale,14
Piccadilly,paper,14
Piccadilly,week,14
Piccadilly,space,14
Piccadilly,months,14
Piccadilly,pounds,14
Piccadilly,expenses,14
Piccadilly,time,14
Piccadilly,hide,14
I,dinner,14
men,me,14
Ah,uncle,14
I,estate_,14
I,estate_amount,14
I,amount,14
I,interest_of,14
I,stocks_,14
souls,servants,14
gentleman,crown,14
Alexander,crown,14
maid,maid,14
maid,servant,14
servant,maid,14
I,profession,14
event,widow,14
I,occasion,14
gentleman,house,14
I,people,14
blunderbuss,men,14
blunderbuss,lad,14
blunderbuss,I,14
chaise,men,14
chaise,lad,14
chaise,I,14
contents,men,14
contents,lad,14
contents,I,14
men,life,14
I,conversation,14
I,steering_for,14
I,Nova,14
I,Scotia,14
I,league,14
I,lobster_smack,14
I,smack,14
I,Shetland,14
Lord_W,huntsman,14
Lord_W,game,14
Lord_W,keeper,14
W,huntsman,14
W,game,14
W,keeper,14
me,family,14
father,proposal,14
I,folio,13
I,space,13
I,hide,13
I,happiness,13
I,readers,13
I,opinion,13
I,order,13
Mayor,opportunity,13
SHE,me,13
I,mind,13
heir,heir,13
office,Marquis,13
office,G,13
I,memory,13
gentleman,impossibility,13
gentleman,skin,13
acquaintance,impossibility,13
acquaintance,skin,13
heir,impossibility,13
heir,skin,13
estate_in,impossibility,13
estate_in,skin,13
Ireland,impossibility,13
Ireland,skin,13
I,journey,13
Duchess_of,sister_the,13
Duchess_of,honor,13
Duchess_of,tea,13
Duchess_of,sister_yesterday,13
Duchess_of,yesterday_,13
D,sister_the,13
D,honor,13
D,tea,13
D,sister_yesterday,13
D,yesterday_,13
Countess_of,sister_the,13
Countess_of,honor,13
Countess_of,tea,13
Countess_of,sister_yesterday,13
Countess_of,yesterday_,13
R,sister_the,13
R,honor,13
R,tea,13
R,sister_yesterday,13
R,yesterday_,13
sister_,sister_the,13
sister_,honor,13
sister_,tea,13
sister_,sister_yesterday,13
sister_,yesterday_,13
people,h,13
town,h,13
men,warrant,13
D,seamen,13
D,bull,13
D,rushes,13
D,face,13
D,part,13
D,water,13
D,idea,13
liver,seamen,13
liver,bull,13
liver,rushes,13
liver,face,13
liver,part,13
liver,water,13
liver,idea,13
Jack,seamen,13
Jack,bull,13
Jack,rushes,13
Jack,face,13
Jack,part,13
Jack,idea,13
I,sailors,13
acquaintance,brother,13
business,brother,13
I,candor,13
mayor,manager,12
mayor,husband,12
mayor,parcel,12
mayor,vagrants,12
it,it,12
dozen,author,12
friends,author,12
I,houses,12
I,English,12
I,mode,12
I,step_,12
I,view,12
I,means,12
I,cloak,12
I,hood,12
mother,mother,12
Gabriel,me,12
men,it,12
Vicar,I,12
Authors,families,12
Lord_S,will,12
S,will,12
I,king,12
Mayor,tete,12
Mayor,whole,12
Mayor,himself,12
SHE,SHE,12
I,stairs_,12
I,apartment,12
I,street_,12
lady,moment,12
honor,moment,12
event,roof,12
event,father,12
event,height,12
event,fondness,12
event,friend,12
event,address,12
event,it,12
pains,it,12
pains,truth,12
pains,sense,12
pains,event,12
pains,debt,12
pains,nature,12
business,it,12
business,truth,12
business,sense,12
business,event,12
business,debt,12
business,nature,12
news,it,12
news,truth,12
news,sense,12
news,event,12
news,debt,12
news,nature,12
I,livery,12
Ireland,country,12
I,Nottinghamshire,12
father,fortune,12
people,world,12
people,society,12
people,people,12
people,town,12
people,I,12
people,concert,12
people,ball,12
people,card,12
people,party,12
town,world,12
town,society,12
town,people,12
town,town,12
town,I,12
town,concert,12
town,ball,12
town,card,12
town,party,12
ladyship,English,12
ladyship,kind,12
ladyship,people,12
ladyship,trade,12
ladyship,course,12
ladyship,objections,12
ladyship,living,12
ladyship,connexions,12
Lord_W,consequence,12
W,consequence,12
extremes,men,12
peace,men,12
war,men,12
cowards,parsons,12
cowards,cowards,12
father,convent,12
father,veil,12
father,coffin,12
father,thing,12
father,family,12
newspapers,day,12
Mrs_Girkin,parcel,11
Mrs_Girkin,vagrants,11
Girkin,parcel,11
Girkin,vagrants,11
I,author,11
I,side,11
I,spirits,11
person,porteress,11
person,Rich,11
person,Dames,11
person,orders,11
person,hotel,11
person,city,11
I,chapter,11
sister_Agatha,meeting,11
sister_Agatha,morning,11
sister_Agatha,hour,11
sister_Agatha,place,11
I,place,11
I,estate_of,11
mother,me,11
friend,I,11
Literary,printing,11
Men,printing,11
Lord_S,business,11
S,business,11
I,favor,11
I,Biddy,11
Mrs_Girkin,chair,11
Girkin,chair,11
Mrs_Girkin,chamber,11
Mrs_Girkin,pot,11
Girkin,chamber,11
Girkin,pot,11
nobleman,administration_,11
I,fate,11
I,living,11
I,blood,11
waiter,it,11
I,necessaries,11
I,sister_shall,11
I,society,11
I,h,11
I,concert,11
I,ball,11
I,card,11
men,paper,11
men,charge,11
men,peace,11
men,Hyde,11
men,Park,11
conductor,conductor,11
I,fatigue,11
I,anxiety,11
I,obligations,11
sailors,sailors,11
I,scribblers,11
I,adulation,11
I,praise,11
I,Doctor_,11
I,topics,11
I,store_of,11
I,ideas,11
peer,christian_in,11
peer,Majesty_,11
peer,we,11
peer,propriety,11
peer,conduct,11
peer,example,11
peer,christian_was,11
peer,church,11
peer,army,11
family,me,11
lady,coach,11
Sarcasm,coach,11
we,gentleman,11
we,poetry,11
we,mathematics,11
we,physic,11
we,hours,11
we,compositors,11
we,days,11
we,knowledge,11
we,subjects,11
I,temper,10
I,administration_,10
I,guineas,10
printer,copies,10
He,rascals,10
I,parlour,10
sister_Agatha,sister_Agatha,10
Agatha,things,10
Agatha,situation,10
I,suspicion,10
I,vanity,10
I,purposes,10
I,reasons,10
Literary,terms,10
Literary,gratis,10
Literary,J,10
Literary,WALTER,10
Literary,PRINTING,10
Literary,HOUSE,10
Literary,SQUARE,10
Literary,BLACK,10
Literary,FRIARS,10
Men,terms,10
Men,gratis,10
Men,J,10
Men,WALTER,10
Men,PRINTING,10
Men,HOUSE,10
Men,SQUARE,10
Men,BLACK,10
Men,FRIARS,10
I,niece,10
Lord_S,part,10
Lord_S,property,10
Lord_S,cousins,10
S,part,10
S,property,10
S,cousins,10
I,war,10
I,behavior,10
lad,existence_with,10
lad,pistol_,10
I,employ,10
Alexander,Mrs_Girkin,10
Alexander,Girkin,10
I,My,10
Providence,frames,10
Providence,impression,10
Providence,calamity,10
Providence,mind,10
Providence,things,10
nobleman,consequence,10
Marquis,administration_in,10
G,administration_in,10
G,acquaintance,10
Lord_S,indignity,10
S,indignity,10
Lord_S,satisfaction,10
Lord_S,injuries,10
S,satisfaction,10
S,injuries,10
I,feelings,10
gentleman,thoughts,10
gentleman,country,10
gentleman,heir,10
gentleman,estate_in,10
gentleman,Ireland,10
acquaintance,thoughts,10
acquaintance,country,10
acquaintance,heir,10
acquaintance,estate_in,10
acquaintance,Ireland,10
heir,thoughts,10
heir,country,10
heir,estate_in,10
heir,Ireland,10
estate_in,thoughts,10
estate_in,country,10
estate_in,heir,10
estate_in,estate_in,10
estate_in,Ireland,10
Ireland,thoughts,10
Ireland,heir,10
Ireland,estate_in,10
Ireland,Ireland,10
I,tete,10
Duchess_of,me,10
D,me,10
Countess_of,me,10
R,me,10
BIDDY,BIDDY,10
I,letters,10
Moses,Moses,10
Moses,box,10
extremes,head,10
extremes,brigadier,10
extremes,wig,10
extremes,tails,10
extremes,gold,10
extremes,hat,10
extremes,cockade,10
peace,head,10
peace,brigadier,10
peace,wig,10
peace,tails,10
peace,gold,10
peace,hat,10
peace,cockade,10
war,head,10
war,brigadier,10
war,wig,10
war,tails,10
war,gold,10
war,hat,10
war,cockade,10
commissioner,commissioner,10
others,something,10
I,sessions,10
I,subjects,10
I,newspapers,10
I,speech,10
I,delivery,10
I,hundreds,10
I,pocket,10
artifices,thing,10
Mrs_Girkin,husband,9
Girkin,husband,9
I,fool,9
I,sheet,9
I,threepence,9
I,shillings,9
I,variety,9
I,months,9
I,heart,9
letter,letter,9
sister_Agatha,story_,9
sister_Agatha,chapter,9
sister_Agatha,accidents,9
sister_Agatha,reach,9
Agatha,story_,9
Agatha,chapter,9
Agatha,accidents,9
Agatha,reach,9
I,head,9
I,mistress_of,9
I,matters,9
I,things,9
me,uncle,9
me,will,9
me,part,9
me,property,9
me,cousins,9
Lord_S,enquiries,9
S,enquiries,9
I,improbability,9
souls,nothing,9
lad,lad,9
friend,acknowledgements,9
I,Alexander,9
I,tinmans,9
I,truncheon,9
I,procession,9
I,hopes,9
I,theater,9
I,inclination,9
I,particular,9
Biddy,Mayor,9
I,freedom,9
I,Winchester_now,9
Marquis,administration_,9
G,administration_,9
situation,men,9
I,administration_coveted,9
I,pen,9
Lord_S,treachery,9
Lord_S,violence,9
Lord_S,wife,9
Lord_S,Miss_Wildman,9
Lord_S,Wildman,9
Lord_S,memory,9
Lord_S,thing,9
S,treachery,9
S,violence,9
S,wife,9
S,Miss_Wildman,9
S,Wildman,9
S,memory,9
S,thing,9
Duchess_of,singing,9
Duchess_of,sister_bear,9
Duchess_of,bear,9
Duchess_of,oddities,9
D,singing,9
D,sister_bear,9
D,bear,9
D,oddities,9
Countess_of,singing,9
Countess_of,sister_bear,9
Countess_of,bear,9
Countess_of,oddities,9
R,singing,9
R,sister_bear,9
R,bear,9
R,oddities,9
men,vengeance,9
I,quarter,9
I,leisure,9
Pomposo,profession,9
king,king,9
sons,king,9
sons,shilling,9
sons,England,9
sons,fortune,9
sons,hunters,9
gentleman,shilling,9
gentleman,fortune,9
gentleman,hunters,9
style_,king,9
style_,shilling,9
style_,England,9
style_,fortune,9
style_,hunters,9
father,king,9
father,shilling,9
father,England,9
father,hunters,9
estate_is,king,9
estate_is,shilling,9
estate_is,England,9
estate_is,fortune,9
estate_is,hunters,9
I,guinea,9
I,knowledge,9
I,precision,9
I,works,9
artifices,merit,9
artifices,prohibition,9
artifices,proprietors,9
artifices,reviews,9
artifices,word,9
artifices,favor,9
I,neighborhood,8
me,it,8
I,minister_rather,8
I,clothes,8
I,printer,8
point,English,8
point,us,8
point,mode,8
point,satisfaction,8
point,dinner,8
point,price,8
houses,English,8
houses,us,8
houses,mode,8
houses,satisfaction,8
houses,dinner,8
houses,price,8
acquaintance,me,8
I,inadequateness,8
I,establishment_to,8
I,dignity,8
I,arrears,8
I,income,8
Authors,price,8
Lord_S,years,8
Lord_S,intelligence,8
Lord_S,death,8
S,years,8
S,intelligence,8
S,death,8
I,Mr_Mr,8
I,arrival,8
servants,war,8
servants,I,8
souls,war,8
souls,I,8
I,marquis,8
friend,service,8
Alexander,part,8
Alexander,house,8
Mayor,inclination,8
Mayor,Mrs_Girkin,8
Mayor,Girkin,8
Mayor,afternoon,8
Mayor,tea,8
Mrs_Girkin,em,8
Girkin,em,8
me,SHE,8
Mayor,They,8
Mayor,fruit,8
Mayor,bed,8
I,door,8
I,corporation,8
I,sense,8
I,heaven,8
lady,Don,8
lady,Miss_S,8
lady,lash,8
lady,em,8
lady,anger,8
lady,don,8
lady,lie,8
honor,Don,8
honor,Miss_S,8
honor,lash,8
honor,em,8
honor,anger,8
honor,don,8
honor,lie,8
Mrs_Girkin,ladies,8
Mrs_Girkin,use,8
Mrs_Girkin,pieces,8
Girkin,ladies,8
Girkin,use,8
Girkin,pieces,8
Marquis,administration_toes,8
Marquis,toes,8
Marquis,conversation,8
G,administration_toes,8
G,toes,8
G,conversation,8
Lord_G,me,8
I,phrenzy,8
I,passion,8
I,sister_during,8
I,ground,8
I,edge,8
I,Finchley,8
I,Common,8
I,miles,8
I,sun,8
I,rise,8
me,warrant,8
comrades,comrades,8
I,days,8
sailors,me,8
Doctor_had,Doctor_,8
wants,prostitute_,8
wants,hireling,8
wants,prostitute_would,8
wants,profession,8
Pomposo,prostitute_,8
Pomposo,hireling,8
Pomposo,prostitute_would,8
king,shilling,8
king,England,8
king,fortune,8
king,hunters,8
mother,trade,8
gentleman,time,8
Lord_W,head,8
Lord_W,tenant,8
W,head,8
W,tenant,8
Brigadier,age,8
Brigadier,manhood,8
Brigadier,religion,8
Brigadier,nation,8
cowards,spirit,8
cowards,men,8
Brigadier,orders,8
Brigadier,officers,8
Aid,Brigadier,8
de,Brigadier,8
Camp,Brigadier,8
office,Brigadier,8
I,news,8
gratitude,me,8
gratitude,attention,8
gratitude,recommendation,8
gratitude,case,8
gratitude,I,8
gratitude,happiness,8
lady,Lord_,8
Sarcasm,Lord_,8
we,guinea,8
manuscript,bookseller,8
men,risk,8
men,expense,8
Mr_Wildman,Mr_Wildman,7
Mr_Wildman,Wildman,7
Wildman,Mr_Wildman,7
I,principle,7
I,patience,7
it,me,7
dozen,discourse,7
friends,discourse,7
I,weight,7
I,shriek,7
I,gallery,7
I,nuns,7
I,ceremony,7
sister_Agatha,hand,7
Agatha,hand,7
I,death,7
I,proof,7
I,affection,7
men,administration_,7
men,temper,7
men,constitution_enough,7
office,administration_,7
office,temper,7
office,constitution_enough,7
office,me,7
office,it,7
marquis,marquis,7
Ah,kind,7
Ah,Almighty,7
Ah,sparrow,7
Ah,ground,7
Ah,observance,7
housekeeper,money,7
Mr_Mr,em,7
souls,town,7
souls,souls,7
character,world,7
I,politeness,7
gentleman,tinmans,7
gentleman,character,7
gentleman,truncheon,7
gentleman,procession,7
Alexander,tinmans,7
Alexander,character,7
Alexander,truncheon,7
Alexander,king,7
Alexander,procession,7
I,occurrences,7
I,observation,7
I,vagabond,7
SHE,Mayor,7
maid,freedom,7
maid,Mayor,7
maid,Winchester_now,7
servant,freedom,7
servant,Mayor,7
servant,Winchester_now,7
Biddy,story_,7
Biddy,I,7
Biddy,order,7
Biddy,morning,7
Biddy,peril,7
Biddy,commitment,7
I,circumstances_I,7
Eliza,I,7
friend,story_too,7
friend,ease,7
friend,toss,7
friend,chin,7
friend,mind,7
friend,occasion,7
friend,declaration,7
nobleman,dignity,7
Marquis,administration_chaplain,7
Marquis,chaplain,7
Marquis,side,7
Marquis,table,7
G,administration_chaplain,7
G,chaplain,7
G,side,7
G,table,7
office,administration_chaplain,7
office,chaplain,7
office,side,7
office,table,7
administration_never,Marquis,7
administration_never,G,7
administration_never,office,7
administration_never,administration_chaplain,7
administration_never,chaplain,7
administration_never,side,7
administration_never,table,7
I,Hyde,7
I,Park,7
gentleman,possession,7
gentleman,setting,7
gentleman,value,7
acquaintance,possession,7
acquaintance,setting,7
acquaintance,value,7
heir,possession,7
heir,setting,7
heir,value,7
estate_in,possession,7
estate_in,setting,7
estate_in,value,7
Ireland,possession,7
Ireland,setting,7
Ireland,value,7
I,remittances,7
Jew,Jew,7
machine,person,7
BIDDY,story_in,7
BIDDY,practice,7
blunderbuss,vengeance,7
chaise,vengeance,7
contents,vengeance,7
men,brains,7
I,Scarce,7
I,portmantua,7
conductor,property,7
I,treachery,7
I,employer,7
I,cruelty,7
Jew,struggle_between,7
Jew,seamen,7
Jew,ship,7
Jew,side,7
Jew,sea,7
Moses,Bl,7
Moses,eyes,7
Moses,son,7
Moses,bitch,7
Moses,wretch,7
sailors,voyage,7
sailors,strangers_to,7
sailors,days,7
sailors,I,7
sailors,board,7
Doctor_had,persons,7
Doctor_had,pocket,7
Doctor_had,book,7
Doctor_had,pencil,7
Doctor_had,Doctor_hand,7
Doctor_had,hand,7
Pomposo,pension,7
I,nation,7
Lord_W,inconstancy_,7
Lord_W,beauty,7
Lord_W,honor,7
Lord_W,fortune,7
W,inconstancy_,7
W,beauty,7
W,honor,7
W,fortune,7
Lord_W,offices,7
W,offices,7
soldier,uniform,7
soldier,Lord_of,7
soldier,hosts_,7
father,mother,7
Eliza,father,7
Eliza,day,7
Eliza,breakfast_,7
Eliza,heaven,7
Eliza,mother,7
me,attention,7
me,recommendation,7
me,happiness,7
I,actions,7
I,utmost_of,7
I,ambition,7
others,minister_,7
I,trip,6
I,Continent,6
I,eyes,6
I,ELIZA,6
I,WILDMAN,6
mother,hand,6
me,mother,6
me,hand,6
Lord_S,express,6
Lord_S,day,6
Lord_S,it,6
S,express,6
S,day,6
S,it,6
housekeeper,friend,6
housekeeper,mine,6
housekeeper,London,6
housekeeper,I,6
housekeeper,housekeeper,6
lad,end,6
me,acknowledgements,6
me,service,6
me,em,6
I,face,6
Mayor,nothing,6
SHE,compliment,6
Mayor,belly,6
lady,prevaricating,6
lady,hussy,6
honor,prevaricating,6
honor,hussy,6
I,figure,6
I,pride,6
I,innocence,6
I,virtue,6
I,father,6
office,administration_occasionally,6
office,men,6
office,rank,6
administration_situation,Marquis,6
administration_situation,G,6
administration_situation,office,6
administration_situation,administration_occasionally,6
administration_situation,men,6
administration_situation,rank,6
situation,Marquis,6
situation,G,6
situation,office,6
situation,administration_occasionally,6
situation,rank,6
life,Marquis,6
life,G,6
life,office,6
life,administration_occasionally,6
life,men,6
life,rank,6
Lord_S,predilections,6
S,predilections,6
Lord_G,situation,6
Lord_G,gentleman,6
Lord_G,acquaintance,6
Lord_G,Lord_G,6
Lord_G,G,6
G,situation,6
G,gentleman,6
G,Lord_G,6
I,Ireland,6
gentleman,couple,6
gentleman,ladies,6
gentleman,lordship,6
acquaintance,couple,6
acquaintance,ladies,6
acquaintance,lordship,6
acquaintance,house,6
heir,couple,6
heir,ladies,6
heir,lordship,6
heir,house,6
estate_in,couple,6
estate_in,ladies,6
estate_in,lordship,6
estate_in,house,6
Ireland,couple,6
Ireland,ladies,6
Ireland,lordship,6
Ireland,house,6
I,post_chaise,6
I,airs,6
I,sister_must,6
Duchess_of,sister_must,6
Duchess_of,I,6
D,sister_must,6
D,I,6
Countess_of,sister_must,6
Countess_of,I,6
R,sister_must,6
R,I,6
sister_do,Duchess_of,6
sister_do,D,6
sister_do,Countess_of,6
sister_do,R,6
sister_do,sister_must,6
sister_do,I,6
Countess_of,folly,6
Countess_of,way,6
R,folly,6
R,way,6
sister_shall,Duchess_of,6
sister_shall,D,6
sister_shall,Countess_of,6
sister_shall,R,6
sister_shall,folly,6
sister_shall,way,6
men,blunderbuss,6
men,surrender,6
men,forehead,6
Scarce,portmantua,6
Scarce,necessaries,6
Scarce,servant,6
me,necessaries,6
I,power,6
comrades,way,6
comrades,Newcastle_,6
I,enquiry,6
I,Captain_or,6
I,connexions,6
I,clergyman,6
I,Sixth,6
I,Chapter,6
I,Nealogist_,6
Abernethy,sermons,6
Creator,rays,6
Creator,science,6
Creator,divinity,6
gentleman,mother,6
gentleman,ladyship,6
gentleman,trade,6
mother,ladyship,6
mother,England,6
acquaintance,mother,6
acquaintance,ladyship,6
acquaintance,trade,6
acquaintance,England,6
business,mother,6
business,ladyship,6
business,trade,6
business,England,6
gentleman,partner,6
extremes,week,6
peace,week,6
war,week,6
I,characters,6
She,She,6
Lord_B,Lord_B,6
Lord_B,B,6
B,Lord_B,6
B,B,6
prayers,father,6
mine,father,6
newspapers,business,6
newspapers,order,6
newspapers,speech,6
newspapers,delivery,6
business,knowledge,6
business,letters,6
business,candor,6
business,precision,6
business,works,6
business,others,6
I,Sir_that,6
I,vagrants,5
I,paper,5
I,purchaser,5
it,invective,5
it,libel,5
it,treason,5
I,dignitary,5
I,sermon,5
I,House,5
I,Commons,5
dozen,dozen,5
dozen,friends,5
friends,dozen,5
friends,friends,5
printer,me,5
printer,booksellers,5
printer,manuscript,5
none,me,5
none,sixpence,5
none,shilling,5
none,crown,5
none,oddity,5
House,me,5
House,honor,5
House,House,5
House,Commons,5
House,sale,5
Commons,me,5
Commons,honor,5
Commons,House,5
Commons,Commons,5
Commons,sale,5
Old,variety,5
Old,disguises,5
Woman,variety,5
Woman,disguises,5
I,publication,5
me,appearance,5
me,gentleman,5
me,one,5
travelers,native,5
travelers,livre,5
travelers,pence,5
travelers,half,5
travelers,penny,5
I,garb,5
letter,person,5
letter,female,5
letter,Rich,5
letter,Dames,5
female,person,5
female,letter,5
female,female,5
female,Rich,5
female,Dames,5
Rich,person,5
Rich,letter,5
Rich,female,5
Rich,Rich,5
Rich,Dames,5
Dames,person,5
Dames,letter,5
Dames,female,5
Dames,Rich,5
Dames,Dames,5
Eliza,Eliza,5
I,task,5
I,throats,5
I,yea,5
I,nay,5
I,extinguisher,5
I,pulley,5
I,string_of,5
I,Speaker,5
I,petition,5
I,writing,5
I,incidents,5
I,story_to,5
I,subject,5
Lord_S,Finchly,5
S,Finchly,5
character,death,5
honor,pockets,5
honor,nights,5
honor,pounds,5
Mayor,cupids,5
Mayor,eyes,5
Mrs_Girkin,Miss_Slash,5
Mrs_Girkin,Slash,5
Mrs_Girkin,afternoon,5
Mrs_Girkin,tea,5
Girkin,Miss_Slash,5
Girkin,Slash,5
Girkin,afternoon,5
Girkin,tea,5
Eliza,care,5
Eliza,infant,5
Eliza,boy,5
Eliza,request_to,5
words,care,5
words,infant,5
words,boy,5
words,I,5
words,request_to,5
me,care,5
me,infant,5
me,boy,5
me,request_to,5
character,me,5
character,Marquis,5
character,G,5
character,office,5
character,administration_,5
nobleman,ease,5
nobleman,administration_and,5
G,administration_own,5
G,consequence,5
Lord_S,reason,5
Lord_S,consequences,5
S,reason,5
S,consequences,5
Jew,Doctor_and,5
Jew,Blacksmith,5
Jew,London,5
Jew,machine,5
Doctor_and,Jew,5
Doctor_and,Doctor_and,5
Doctor_and,Blacksmith,5
Doctor_and,London,5
Doctor_and,machine,5
Blacksmith,Jew,5
Blacksmith,Doctor_and,5
Blacksmith,Blacksmith,5
Blacksmith,London,5
Blacksmith,machine,5
London,Jew,5
London,Doctor_and,5
London,Blacksmith,5
London,London,5
London,machine,5
machine,exercise,5
I,chamber,5
Duchess_of,sister_if,5
D,sister_if,5
Countess_of,sister_if,5
R,sister_if,5
sister_would,Duchess_of,5
sister_would,D,5
sister_would,Countess_of,5
sister_would,R,5
sister_would,sister_if,5
Sir_Peter,Jamaica,5
Peter,Jamaica,5
lady,Court,5
lady,Calendar,5
BIDDY,London,5
Mr_Dupe,us,5
me,portmantua,5
me,servant,5
conductor,thanks,5
I,sea,5
we,safety,5
we,vessel,5
we,water,5
we,master_despaired,5
I,tale,5
I,relief,5
Abernethy,upography,5
Abernethy,Name,5
Abernethy,Pomposo,5
Abernethy,way,5
reptile,super,5
reptile,eminence,5
reptile,science,5
reptile,fellow,5
reptile,creature,5
friend,pension,5
Pomposo,me,5
one,rank,5
Madam,brother,5
Lord_W,esteem_,5
Lord_W,countenance,5
Lord_W,public,5
W,esteem_,5
W,countenance,5
W,public,5
Lord_W,price,5
Lord_W,thing,5
Lord_W,purchases,5
W,price,5
W,thing,5
W,purchases,5
I,tenets,5
christian_was,sword,5
christian_was,battle,5
gentleman,me,5
father,seat,5
father,north,5
father,time,5
I,proposal,5
we,eyes,5
we,ears,5
we,thing,5
we,palacegates,5
commissioner,annuity,5
commissioner,salary,5
commissioner,person,5
I,orator,5
we,insertion,5
we,difficulty,5
I,lodging,4
Mr_Wildman,seat,4
Mr_Wildman,north,4
Wildman,north,4
opera,preceptor,4
dancer,preceptor,4
me,thing,4
it,paper,4
it,print,4
bookseller,bread,4
bookseller,friend,4
bookseller,author,4
bookseller,ears,4
I,pillory,4
Rogues,Rogues,4
Rogues,we,4
Rogues,tribe,4
Rogues,men,4
I,upwards,4
person,meeting,4
sister_Agatha,grate,4
Agatha,grate,4
Agatha,part,4
sister_Agatha,opportunity,4
Agatha,opportunity,4
Agatha,alteration,4
Agatha,form,4
dress,alteration,4
dress,sister_Agatha,4
dress,Agatha,4
dress,form,4
eyes,it,4
eyes,sister_Agatha,4
eyes,Agatha,4
eyes,grates,4
ladies,it,4
ladies,sister_Agatha,4
ladies,Agatha,4
ladies,grates,4
house,it,4
house,sister_Agatha,4
house,Agatha,4
house,grates,4
I,result,4
I,plan,4
colleagues,task,4
colleagues,office,4
colleagues,I,4
colleagues,administration_could,4
office,task,4
office,administration_could,4
marquis,task,4
marquis,administration_could,4
I,drudgery,4
I,franking,4
I,relaxation,4
I,favors,4
I,assistance_necessary,4
neighborhood,I,4
Vicar,part,4
trouble,em,4
trouble,bank,4
trouble,note,4
trouble,pounds,4
I,bank,4
I,note,4
Mr_Mr,bank,4
Mr_Mr,note,4
Mr_Mr,pounds,4
Mr_left,em,4
Vicar,error,4
Vicar,fortune,4
lad,life,4
lad,course,4
lad,return,4
lad,town,4
favor,complacency,4
favor,feeling,4
favor,heart,4
favor,donor,4
I,fervency,4
Great,part,4
Great,Mrs_Girkin,4
Great,Girkin,4
Great,house,4
body,part,4
body,Mrs_Girkin,4
body,Girkin,4
body,house,4
guards,part,4
guards,Mrs_Girkin,4
guards,Girkin,4
guards,house,4
ladies,thing,4
corporation,thing,4
wife,entertainment,4
wife,play,4
wife,shop,4
plate,half,4
plate,bottle,4
plate,Lucca,4
plate,olives,4
Mayor,half,4
I,afternoon,4
me,Mayor,4
I,husband,4
I,conjecture,4
players,lady,4
players,honor,4
lady,tongue,4
lady,play,4
honor,tongue,4
honor,play,4
attorneys,client,4
attorneys,advantage,4
friend,example,4
friend,mine,4
friend,argument,4
attorneys,term,4
attorneys,fees,4
attorneys,attorneys,4
attorneys,pockets,4
I,generality,4
son,son,4
son,father,4
son,height,4
son,fondness,4
gentleman,pains,4
I,turn,4
men,advantage,4
men,reality,4
men,situation,4
men,way,4
Marquis,administration_was,4
G,administration_was,4
Marquis,acquaintance,4
object,opinion,4
object,paper,4
object,acquaintance,4
object,me,4
acquaintance,pocket,4
acquaintance,return,4
acquaintance,home,4
Lord_S,words,4
Lord_S,fellow,4
Lord_S,impertinence,4
Lord_S,impudence,4
S,words,4
S,fellow,4
S,impertinence,4
S,impudence,4
lordship,me,4
I,insult,4
friend,Lord_S,4
friend,S,4
Lord_S,Marquis,4
Lord_S,G,4
S,Marquis,4
S,G,4
we,matter,4
we,means,4
servant,gentleman,4
servant,satisfactions,4
I,vicar,4
I,box,4
machine,it,4
machine,advantages,4
Gabriel,Gabriel,4
Gabriel,I,4
Gabriel,child,4
I,Nay,4
Sir_Peter,Sir_Peter,4
Sir_Peter,Peter,4
Sir_Peter,England,4
Peter,Sir_Peter,4
Peter,Peter,4
Peter,England,4
lady,Sir_Peter,4
lady,Peter,4
lady,Jamaica,4
lady,England,4
dash,Sir_Peter,4
dash,Peter,4
dash,Jamaica,4
dash,England,4
spirit,Sir_Peter,4
spirit,Peter,4
spirit,Jamaica,4
spirit,England,4
They,soul,4
They,They,4
They,company,4
They,lady,4
Dupe_quickly,us,4
I,name,4
I,engagements,4
me,affair,4
me,privacy,4
I,blunderbuss,4
I,companion,4
I,He,4
conductor,return,4
conductor,attendants,4
conductor,me,4
conductor,voyage,4
watch,me,4
watch,it,4
watch,evening,4
watch,I,4
we,me,4
Wildman,seaman,4
Wildman,run,4
Wildman,colors,4
I,exigence,4
sailors,thing,4
sailors,Captain_or,4
sailors,connexions,4
we,house,4
Doctor_replied,Doctor_had,4
Doctor_replied,company,4
Doctor_replied,Abernethy,4
Doctor_replied,sermons,4
room,Doctor_pencil,4
room,pencil,4
room,Doctor_paper,4
room,paper,4
acquaintance,pity,4
acquaintance,men,4
acquaintance,fortune,4
Marquis,town,4
Marquis,commendation,4
ladyship,ladyship,4
gentleman,lady,4
gentleman,warmth,4
gentleman,heart,4
brother,lady,4
brother,warmth,4
brother,brother,4
brother,heart,4
Madam,Biscuit,4
Madam,baker,4
Madam,folly,4
none,Lord_W,4
none,W,4
none,head,4
none,tenant,4
neighborhood,Lord_W,4
neighborhood,W,4
neighborhood,head,4
neighborhood,tenant,4
times,Lord_W,4
times,W,4
times,head,4
times,tenant,4
Lord_W,vices,4
W,vices,4
Lord_W,situation,4
W,situation,4
soldier,pride,4
catholics,profession,4
catholics,priesthood_,4
bigots,profession,4
bigots,priesthood_,4
faith,profession,4
faith,priesthood_,4
Aid,orders,4
Aid,officers,4
de,orders,4
de,officers,4
Camp,orders,4
Camp,officers,4
office,orders,4
office,officers,4
me,Brigadier,4
gentleman,letter,4
letter,me,4
family,pleasure,4
I,Provider,4
I,list_of,4
I,apothecaries,4
I,placeman,4
I,You,4
Ministers_have,mouth,4
Ministers_have,needy,4
Ministers_have,craving,4
Ministers_have,patriot,4
Flogger,me,4
others,want,4
I,speeches,4
I,knack,4
I,language,4
I,style_,4
physic,compositors,4
physic,days,4
physic,knowledge,4
physic,subjects,4
I,justice_and,4
MR,Wilbraham,4
MR,remarks,4
MR,volumes,4
MR,herewith,4
Wilbraham,Wilbraham,4
Wilbraham,remarks,4
Wilbraham,volumes,4
Wilbraham,herewith,4
manuscript,manuscript,4
manuscript,success,4
I,Berkeley,3
I,Square,3
Mr_Wildman,house,3
Wildman,house,3
I,master_as,3
I,work,3
I,credit,3
I,encouragement,3
I,authors,3
I,libel,3
I,God,3
author,number,3
He,satisfaction,3
me,House,3
me,Commons,3
me,sale,3
lady,answers,3
lady,show,3
Old,I,3
Woman,I,3
me,course,3
me,party,3
master_of,me,3
master_of,name,3
master_of,Outcast_,3
hotel,me,3
hotel,name,3
hotel,Outcast_,3
Agatha,deal,3
Agatha,trouble,3
Agatha,account,3
miles,me,3
miles,mother,3
miles,hand,3
Ghent,me,3
Ghent,mother,3
Ghent,hand,3
round,me,3
round,mother,3
round,hand,3
I,Gabriel,3
Eliza,space,3
Eliza,time,3
I,none,3
speaker,part,3
speaker,abilities,3
speaker,representatives,3
marquis,opinion,3
marquis,party,3
account,marquis,3
account,opinion,3
account,party,3
I,reader,3
I,digression,3
I,tongue,3
I,traitor,3
I,ears,3
I,passport,3
I,nonsense,3
ear,me,3
families,fruits,3
families,Authors,3
families,labor,3
Literary,risk,3
Literary,works,3
Men,risk,3
Men,works,3
fellows,me,3
fellows,board,3
fellows,vessel,3
I,circumstances_admitted,3
housekeeper,servants,3
housekeeper,board,3
housekeeper,wages,3
Mr_left,part,3
Mr_left,world,3
Vicar,Vicar,3
Vicar,life,3
lad,behavior,3
lad,answer,3
Lord_S,lad,3
S,lad,3
agents,will,3
agents,villains,3
agents,money,3
business,will,3
business,villains,3
business,money,3
wretches,will,3
wretches,villains,3
wretches,money,3
notice,will,3
notice,villains,3
notice,money,3
lordship,lordship,3
lordship,arguments,3
lordship,weight,3
arguments,lordship,3
arguments,arguments,3
arguments,weight,3
I,offer,3
I,second,3
Mayor,day,3
Mayor,Alexander,3
Mayor,Great,3
lady,day,3
lady,Alexander,3
lady,Great,3
Mrs_Girkin,day,3
Mrs_Girkin,Alexander,3
Mrs_Girkin,Great,3
Girkin,day,3
Girkin,Alexander,3
Girkin,Great,3
I,Moor,3
Desdemona,me,3
Desdemona,slap,3
Desdemona,face,3
Mrs_Mayoress,Mrs_Mayoress,3
Mrs_Mayoress,Mayoress,3
Mrs_Mayoress,ancle,3
Mayoress,Mrs_Mayoress,3
Mayoress,Mayoress,3
Mayoress,ancle,3
circumstance_obliged,us,3
circumstance_obliged,audience,3
circumstance_obliged,piece,3
ladies,ladies,3
ladies,corporation,3
corporation,ladies,3
corporation,corporation,3
Mayor,it,3
me,bottle,3
me,Lucca,3
me,olives,3
I,closet,3
Mrs_Girkin,Miss_Shash,3
Mrs_Girkin,Shash,3
Girkin,Miss_Shash,3
Girkin,Shash,3
we,maid,3
we,servant,3
we,sense,3
olive,eye,3
bottle,eye,3
lady,hold,3
honor,hold,3
Don,Miss_S,3
Don,lash,3
Don,em,3
I,Mrs_Girkin,3
I,Girkin,3
husband,me,3
husband,prevaricating,3
husband,hussy,3
terms,me,3
terms,prevaricating,3
terms,hussy,3
Mrs_Girkin,equilibrium,3
Girkin,equilibrium,3
word,word,3
word,way,3
word,stairs_,3
Mrs_Girkin,head,3
Girkin,head,3
tale,resemblance,3
tale,tale,3
tale,original,3
I,rascal,3
cause,sums,3
cause,pockets,3
cause,pleaders,3
father,action,3
father,distress_,3
heir,weepers,3
heir,glee,3
gentleman,business,3
I,indignity,3
Marquis,administration_honor,3
Marquis,honor,3
G,administration_honor,3
G,honor,3
G,administration_dog,3
G,dog,3
situation,knowledge,3
situation,tables,3
Marquis,administration_coveted,3
G,administration_coveted,3
acquaintance,dinner,3
Marquis,Lord_S,3
Marquis,S,3
Marquis,nature,3
G,Lord_S,3
G,S,3
G,nature,3
we,ladies,3
we,materials,3
we,sex,3
I,fellow,3
I,affair,3
I,recollection,3
I,Lord_G,3
Providence,me,3
I,determination,3
Lord_S,appointment,3
S,appointment,3
nothing,embarrassments,3
nothing,speech,3
nothing,company,3
I,act,3
endeavor,life,3
I,rashness,3
thought,it,3
thought,gentleman,3
thought,acquaintance,3
waiter,honor,3
waiter,ladies,3
Sir_,servant,3
Sir_,Patrick,3
Sir_,Shilalah,3
myself,post_chaise,3
myself,chaise,3
myself,Nottinghamshire,3
necessaries,post_chaise,3
necessaries,chaise,3
necessaries,Nottinghamshire,3
shirts,post_chaise,3
shirts,chaise,3
shirts,Nottinghamshire,3
suit,post_chaise,3
suit,chaise,3
suit,Nottinghamshire,3
clothes,post_chaise,3
clothes,chaise,3
clothes,Nottinghamshire,3
I,play,3
son,clergyman,3
son,character,3
son,fortune,3
father,clergyman,3
father,character,3
brother,clergyman,3
brother,character,3
brother,fortune,3
Mr_Dupe,me,3
machine,machine,3
machine,perspiration,3
I,adventures,3
Gabriel,pounds,3
Gabriel,year,3
I,follies,3
I,tonish,3
lady,book,3
lady,names,3
lady,men,3
lady,lump,3
people,lady,3
town,lady,3
richness,profusion,3
richness,quantity,3
richness,attire,3
dress,profusion,3
dress,quantity,3
dress,attire,3
I,fringe,3
I,authority,3
I,reflections,3
conductor,care,3
conductor,house,3
conductor,people,3
conductor,commands,3
I,infant,3
I,accident,3
boat,part,3
boat,we,3
boat,baggage,3
Moses,hold,3
Moses,poll,3
Jack,chin,3
land,comrades,3
land,way,3
land,Newcastle_,3
I,value,3
speaker,me,3
words,me,3
I,speaker,3
I,words,3
Doctor_had,company,3
Doctor_had,Abernethy,3
Doctor_had,sermons,3
persons,pocket,3
persons,book,3
persons,pencil,3
Doctor_,pocket,3
Doctor_,book,3
Doctor_,pencil,3
Doctor_could,nothing,3
Doctor_could,right,3
Doctor_could,Doctor_,3
I,rascals,3
I,ruin,3
acquaintance,nothing,3
acquaintance,blaze,3
acquaintance,majesty_,3
respect,king,3
respect,levee,3
respect,day,3
one,king,3
one,levee,3
one,day,3
sight,king,3
sight,levee,3
sight,day,3
rank,king,3
rank,levee,3
rank,day,3
king,me,3
king,mind,3
king,hand,3
I,baronet,3
I,widow,3
I,sons,3
ladyship,friend,3
ladyship,measure,3
author,life,3
author,priest_disciples,3
author,disciples,3
religion,life,3
religion,priest_disciples,3
religion,disciples,3
priest_that,priest_sell,3
priest_that,priest_garment,3
priest_that,garment,3
priest_,priest_sell,3
priest_,priest_garment,3
priest_,garment,3
christian_was,loins,3
Marquis,Brigadier,3
pension,Brigadier,3
She,hand,3
porter,agent,3
porter,Lord_B,3
porter,B,3
blow,agent,3
blow,Lord_B,3
blow,B,3
magistrate_,agent,3
magistrate_,Lord_B,3
magistrate_,B,3
gentleman,father,3
gentleman,I,3
Roman,father,3
Roman,me,3
Roman,I,3
Catholic,father,3
Catholic,me,3
Catholic,I,3
family,father,3
family,I,3
estate_,father,3
estate_,me,3
estate_,I,3
visit,father,3
visit,me,3
visit,I,3
Baronet_in,father,3
Baronet_in,me,3
Baronet_in,I,3
us,father,3
us,me,3
us,I,3
neighborhood,father,3
neighborhood,me,3
father,suit,3
father,cause,3
family,mistress_of,3
family,actions,3
prayers,purpose,3
mine,purpose,3
I,Sir_,3
court,aversion,3
court,men,3
court,literature,3
men,line,3
I,channel,3
I,public,3
deputy,salary,3
deputy,pounds,3
deputy,year,3
You,acquaintance,3
You,I,3
You,tribe,3
I,dignities,3
I,Mr_Alderman,3
I,Alderman,3
I,Fig,3
I,week,3
Flogger,Flogger,3
Flogger,friend,3
me,Flogger,3
I,plenty,3
I,sarcasm,3
discourse,exertion,3
discourse,trouble,3
discourse,delivery,3
pay,part,3
pay,periodical,3
pay,publications,3
guineas,part,3
guineas,periodical,3
guineas,publications,3
sheet,part,3
sheet,periodical,3
sheet,publications,3
quantity,part,3
quantity,periodical,3
quantity,publications,3
I,periodical,3
I,publications,3
we,quantity,3
I,iniquitous,3
artifices,hundreds,3
artifices,pounds,3
artifices,pocket,3
artifices,me,3
artifices,attacks,3
I,intentions,2
I,manager,2
wages,preceptor,2
wages,ceptor,2
hair,preceptor,2
hair,ceptor,2
dresser,preceptor,2
dresser,ceptor,2
cook,preceptor,2
cook,ceptor,2
preceptor,downfall,2
preceptor,nation,2
I,libeller,2
I,hi,2
preceptor,patience,2
preceptor,it,2
preceptor,I,2
preceptor,minister_rather,2
I,question_,2
printer,thing,2
printer,money,2
guineas,pounds,2
guineas,shillings,2
I,risk,2
I,allowance,2
I,trade,2
bookseller,work,2
author,reason,2
author,account,2
author,author,2
we,tribe,2
we,men,2
booksellers,manuscript,2
printer,it,2
bookseller,paper,2
bookseller,copies,2
Fleet,paper,2
Fleet,copies,2
Street_sent,paper,2
Street_sent,copies,2
He,footing,2
I,patch,2
I,disguises,2
proclamation,reward,2
proclamation,me,2
one,regard,2
one,one,2
I,spirit,2
I,libels,2
it,trip,2
it,Continent,2
waiters,clothes,2
waiters,back,2
hotels,clothes,2
hotels,back,2
inns,clothes,2
inns,back,2
travelers,travelers,2
travelers,money,2
travelers,Englishman,2
travelers,pay,2
me,bills,2
me,charges,2
I,Dunkirk_to,2
I,Bruges,2
I,seal,2
sister_Agatha,reason,2
Agatha,reason,2
I,tears,2
chapter,Agatha,2
chapter,reach,2
accidents,Agatha,2
accidents,reach,2
You,vows,2
You,attachment,2
I,protection,2
I,execution,2
I,garden,2
I,gate,2
mother,round,2
heaven,gift,2
heaven,opinion,2
I,route,2
Eliza,account,2
arguments,deal,2
arguments,reasoning,2
business,absurdity,2
business,cavilling,2
administration_to,absurdity,2
administration_to,cavilling,2
I,necessity,2
Sir_Robert,I,2
Sir_Robert,price,2
Robert,I,2
Robert,price,2
Walpole,I,2
Walpole,price,2
it,deal,2
it,wrangling,2
I,direction,2
I,scale,2
degree,weight,2
degree,scale,2
justness_and,weight,2
justness_and,scale,2
propriety,weight,2
propriety,scale,2
I,measure,2
I,cabinet,2
I,places,2
I,disposal,2
I,department,2
I,design,2
I,appointment,2
I,commander,2
I,chief,2
lieutenant,Butt,2
lieutenant,leg,2
Lord_Duke,Lord_Duke,2
Lord_Duke,Duke_,2
Duke_,Lord_Duke,2
Duke_,Duke_,2
ear,witness,2
favorite,part,2
favorite,family,2
fortune,part,2
fortune,family,2
neighborhood,part,2
neighborhood,family,2
friend,part,2
friend,family,2
Vicar,family,2
we,blessings,2
we,life,2
DR,LITERARY,2
DR,SOCIETY,2
TRUSLER,LITERARY,2
TRUSLER,SOCIETY,2
years,LITERARY,2
years,SOCIETY,2
object,works,2
object,reputation,2
DR,author,2
DR,profits,2
TRUSLER,author,2
TRUSLER,profits,2
Literary,perusal,2
Men,perusal,2
one,variety,2
one,incidents,2
Lord_S,use,2
Lord_S,argument,2
S,use,2
S,argument,2
Lord_S,step_,2
S,step_,2
uncle,will,2
Lord_S,possession,2
S,possession,2
I,housekeeper,2
we,vicar,2
we,care,2
Mr_Mr,friend,2
Vicar,conduct,2
lad,I,2
Finchly,me,2
Finchly,I,2
I,advice,2
I,tear,2
marquis,minister_,2
Majesty_had,marquis,2
Majesty_had,minister_,2
I,secretaryship,2
I,Treasury,2
marquis,concerns,2
marquis,attention,2
I,concerns,2
it,pleasure,2
I,complacency,2
it,stock_of,2
it,clothes,2
gentleman,Alexander,2
Desdemona,I,2
Desdemona,Desdemona,2
worship,Mrs_Girkin,2
worship,Girkin,2
Biddy,visits,2
I,visits,2
people,Mayor,2
people,visits,2
nothing,Mayor,2
nothing,visits,2
wife,visits,2
I,mouth,2
I,complaisance,2
me,whole,2
me,himself,2
Mayor,SHE,2
Mayor,evening,2
Mayor,fits,2
Mayor,ecstasy_,2
name,visit,2
name,me,2
Slash,visit,2
Slash,me,2
em,visit,2
it,visit,2
me,secret,2
don,me,2
don,lie,2
Mrs_Girkin,strumpet_,2
Girkin,strumpet_,2
lady,us,2
lady,prison,2
honor,us,2
honor,prison,2
lady,riot,2
honor,riot,2
Mrs_Girkin,closet,2
Mrs_Girkin,door,2
Girkin,closet,2
Girkin,door,2
me,figure,2
Eliza,son,2
attorney,notice,2
attorney,trial,2
I,example,2
I,mine,2
attorney,attorney,2
attorney,justice_,2
attorney,me,2
attorney,parting,2
WE,others,2
WE,thousands,2
I,loss,2
action,father,2
action,distress_,2
pox,me,2
pox,son,2
calamity,impression,2
calamity,mind,2
gentleman,news,2
sense,gentleman,2
sense,event,2
They,dignity,2
They,peerage,2
Marquis,administration_occasionally,2
G,administration_occasionally,2
me,acquaintance,2
me,visit,2
acquaintance,paper,2
acquaintance,company,2
father,nothing,2
I,assizes,2
Miss_Wildman,advances,2
Miss_Wildman,scoundrel,2
Wildman,advances,2
Wildman,scoundrel,2
ladies,beauties,2
ladies,perfections,2
Marquis,administration_would,2
G,administration_would,2
me,harmony,2
me,afternoon,2
Lord_S,room,2
Lord_S,heat,2
S,room,2
S,heat,2
Providence,Wildman,2
lordship,I,2
lordship,it,2
lordship,paper,2
Lord_S,gentleman,2
S,gentleman,2
Lord_S,call,2
Lord_S,mine,2
S,call,2
S,mine,2
result,Lord_S,2
result,S,2
we,brace,2
we,pistols_at,2
I,parade,2
I,heroism,2
phrenzy,soul,2
phrenzy,revenge,2
NOTHING,want,2
NOTHING,sense,2
one,character,2
persons,enemies,2
minutes,persons,2
minutes,enemies,2
endeavor,friends,2
gentleman,hours,2
gentleman,bagnio,2
acquaintance,hours,2
acquaintance,bagnio,2
estate_in,hours,2
estate_in,bagnio,2
Ireland,hours,2
Ireland,bagnio,2
notions,hours,2
notions,bagnio,2
world,hours,2
world,bagnio,2
waiter,party,2
waiter,compliments,2
waiter,gentleman,2
Thomas,compliments,2
Thomas,gentleman,2
friend,board,2
friend,packet,2
Mr_Patrick,board,2
Mr_Patrick,packet,2
Patrick,board,2
Patrick,packet,2
I,banker,2
Jew,regimen,2
Doctor_and,regimen,2
Blacksmith,regimen,2
London,regimen,2
we,Devizes,2
Gabriel,presents,2
I,child,2
Gabriel,masters_,2
It,me,2
It,company,2
Duchess_of,window,2
Duchess_of,curtains,2
D,window,2
D,curtains,2
Countess_of,window,2
Countess_of,curtains,2
R,window,2
R,curtains,2
sister_have,window,2
sister_have,curtains,2
I,window,2
I,curtains,2
Mr_Dupe,persents,2
Dupe_will,me,2
Dupe_will,persents,2
plan,lady,2
plan,expectations,2
lady,London,2
accident,interest_for,2
accident,card,2
lady,servant,2
people,invention,2
town,invention,2
lady,Baronet_,2
Sir_Peter,matter,2
Sir_Peter,right,2
Peter,matter,2
Peter,right,2
importance,me,2
importance,Nottinghamshire,2
London,end,2
London,journey,2
men,sun,2
men,rise,2
I,surrender,2
I,injunctions,2
chaise,me,2
chaise,firearms,2
friend,information,2
conductor,servants,2
conductor,directions,2
attendants,conductor,2
attendants,attendants,2
attendants,me,2
attendants,voyage,2
captain,I,2
captain,captain,2
captain,me,2
captain,part,2
I,rum,2
I,water,2
it,relief,2
we,shore,2
we,way,2
Nottingham,em,2
Nottingham,care,2
Nova,em,2
Nova,care,2
Scotia,em,2
Scotia,care,2
captain,sailors,2
captain,interest_,2
vessel,carelessness,2
vessel,steersman_,2
master_despaired,master_despaired,2
master_despaired,boat,2
I,sinking,2
I,swimming,2
I,boat,2
seamen,boat,2
land,we,2
land,spirits,2
comrades,land,2
gentleman,Men,2
gentleman,erudition,2
proprietors,speaker,2
proprietors,words,2
dictionaries,speaker,2
dictionaries,words,2
rapidity,me,2
rapidity,opportunity,2
utterance,me,2
utterance,opportunity,2
I,invitation,2
we,understanding_s,2
we,Pomposo,2
Doctor_never,Doctor_chair,2
Doctor_never,chair,2
education,manners,2
education,world,2
it,influence,2
men,rank,2
men,fortune,2
science,science,2
minister_,pension,2
minister_,Pomposo,2
Scotchman,pension,2
Scotchman,Pomposo,2
Pomposo,subject,2
G,town,2
G,commendation,2
acquaintance,virtue,2
acquaintance,parts,2
one,doctrine,2
one,courts,2
one,sight,2
sight,rank,2
rank,rank,2
kings,part,2
kings,country,2
Ireland,part,2
king,part,2
king,country,2
family,part,2
family,country,2
pride,part,2
pride,country,2
ladyship,appointment,2
ladyship,England,2
Lord_W,clothes,2
W,clothes,2
Lord_W,drinks,2
Lord_W,men,2
W,drinks,2
W,men,2
us,fight,2
priest_sell,priest_garment,2
priest_sell,garment,2
we,propriety,2
I,defense,2
I,independence,2
I,field,2
me,pith,2
me,publication,2
literator,pith,2
literator,publication,2
office,pith,2
office,publication,2
Marquis,pension,2
pension,me,2
me,measure,2
me,parliament,2
I,assistance_in,2
Brigadier,assistance_in,2
Brigadier,power,2
porter,letter,2
porter,me,2
nobleman,letter,2
nobleman,me,2
house,letter,2
house,me,2
afternoon,letter,2
afternoon,me,2
Brigadier,letter,2
Brigadier,me,2
gentleman,Brigadier,2
I,difference,2
we,understanding_,2
we,undiscoverable,2
we,perfections,2
we,one,2
inquest_having,verdict,2
inquest_having,selfdefence,2
father,addresses,2
father,affection,2
father,possession,2
heaven,me,2
heaven,mother,2
I,attachment,2
alliance,me,2
alliance,pleasure,2
I,duty,2
it,Providence,2
it,family,2
Providence,family,2
Providence,myself,2
me,proposal,2
we,information,2
me,commissioner,2
me,list_,2
Provider,hundreds,2
Provider,Provider,2
I,intelligence,2
I,illness,2
accident,placeman,2
accident,world,2
bull,fingering,2
bull,cash,2
You,dignities,2
You,gentlemen,2
peerage,heaven,2
peerage,earth,2
I,titles,2
I,rate,2
I,hearers,2
we,nothing,2
custom_to,author,2
custom_to,publication,2
we,remarks,2
we,extract,2
I,animadversions,2
I,remarks,2
I,length,2
reputations,period,2
reputations,life,2
tribe,work,2
tribe,trade,2
authors,risk,2
authors,expense,2
author,copy,2
author,hands,2
midwife,bantlings,2
midwife,world,2
intentions,success,1
manager,success,1
sciences,performances,1
inverse,performances,1
ratio,performances,1
performances,performances,1
utility,performances,1
opera,money,1
dancer,money,1
I,fair,1
I,production,1
it,nothing,1
publication,I,1
I,lines,1
I,fire,1
it,sale,1
sheet,threepence,1
half,threepence,1
folio,threepence,1
I,demand,1
one,it,1
I,customer_,1
author,compliments,1
printer,reply,1
bookseller,favor,1
Fleet,favor,1
Street_sent,favor,1
I,experiment,1
blacks,shoes,1
London,shoes,1
streets_wipe,shoes,1
us,care,1
Heaven,charity,1
Old,author,1
Woman,author,1
Old,lodging,1
Woman,lodging,1
Treasury,practice,1
bookseller,assertion,1
step_did,leg,1
nuns,ceremony,1
I,interview,1
clock,time,1
I,kisses,1
Agatha,tears,1
presumption,me,1
sister_Agatha,consideration,1
Agatha,consideration,1
father,year,1
mother,situation,1
opportunity,vow,1
mother,plan,1
mother,cause,1
priest_might,conscience,1
mistress_of,dress,1
house,dress,1
dinner,way,1
none,situation,1
readers,situation,1
I,minister_did,1
opposition,it,1
men,word,1
office,word,1
marquis,things,1
marquis,measure,1
money,list_,1
it,ingenuity,1
it,labor,1
argument,labor,1
one,I,1
measure,opinion,1
others,others,1
others,degree,1
I,constituents_,1
I,enemies,1
I,petitioner,1
petitioner,Butt,1
I,application,1
I,applicant,1
applicant,presence,1
I,misfortune,1
Lord_Duke,appointment,1
Duke_had,appointment,1
Lord_Duke,major,1
Duke_,major,1
I,leg,1
family,assistance_necessary,1
income,assistance_necessary,1
I,dust_,1
eye,me,1
witness,none,1
I,merit,1
widow,joy,1
I,propensities,1
purpose,himself,1
printing,works,1
terms,works,1
gratis,works,1
J,works,1
WALTER,works,1
PRINTING,works,1
HOUSE,works,1
SQUARE,works,1
BLACK,works,1
FRIARS,works,1
uncle,happiness,1
I,injuries,1
Lord_S,letter,1
S,letter,1
Lord_S,relations,1
S,relations,1
we,mansion,1
Mr_had,em,1
it,em,1
power,em,1
use,em,1
I,error,1
Vicar,difficulty,1
I,explanation,1
conduct,tear,1
Lord_S,tear,1
S,tear,1
world,character,1
marquis,borough,1
offer,em,1
distance_,em,1
church,em,1
marquis,em,1
marquis,church,1
love,heart,1
gratitude,heart,1
service,em,1
I,Romeo,1
spade,door,1
Juliet,fabric,1
audience,bump,1
audience,audience,1
audience,farce,1
I,eclat,1
stock_of,procession,1
clothes,procession,1
wardrobe,procession,1
we,night,1
we,farce,1
I,nights,1
Alexander,evening,1
Great,evening,1
collar,Alexander,1
Mrs_Girkin,rabble,1
Girkin,rabble,1
us,audience,1
us,piece,1
audience,piece,1
cupids,Mayor,1
Miss_Slash,Mayor,1
Slash,Mayor,1
em,Mayor,1
eyes,Mayor,1
wife,wife,1
wife,linen,1
we,club,1
wife,me,1
Mayor,door,1
Mayor,voice,1
Mayor,tiptoe,1
Mayor,closet,1
person,door,1
I,discovery,1
husband,house,1
nothing,cap,1
I,wretch,1
we,peace,1
lady,care,1
honor,care,1
dare,face,1
I,action,1
matrimony,we,1
affection,we,1
circumstances_could,we,1
attorneys,suit,1
barrister_takes,it,1
lawyers,care,1
lawyers,business,1
pretenses,hearing,1
measures,trial,1
barristers_retained,fees,1
custom_meets,countenance,1
me,witnesses,1
father,loss,1
widow,pride,1
I,nobleman,1
I,chariot,1
acquaintance,I,1
office,acquaintance,1
administration_coveted,acquaintance,1
decency,me,1
me,pocket,1
Earl,father,1
S,father,1
devil,girl,1
I,parties,1
fellow,steps_that,1
You,business,1
thing,me,1
I,honors,1
company,me,1
fate,me,1
event,me,1
day,me,1
opinion,me,1
I,cover,1
Lord_S,mode,1
S,mode,1
friends,matter,1
I,enemy,1
phrenzy,passion,1
I,women,1
We,We,1
We,persons,1
respect,I,1
memory,I,1
act,I,1
I,practice,1
means,it,1
story_will,ideas,1
one,sword,1
friend,alarm,1
prudence,alarm,1
I,waiter,1
waiter,lady,1
Thomas,friend,1
I,treatment,1
reader,me,1
event,expectations,1
I,expectations,1
I,York,1
Dupe_received,me,1
Mr_Dupe,complaint,1
Dupe_had,complaint,1
Jew,exercise,1
Doctor_and,exercise,1
Blacksmith,exercise,1
London,exercise,1
machine,regimen,1
exercise,regimen,1
handwinch,machine,1
horse,purpose,1
gentry,situation,1
part,situation,1
country,situation,1
body,I,1
round,I,1
sister_wished,me,1
me,persents,1
I,conceit,1
I,anecdote,1
Biddy,assertion,1
I,assertion,1
Sir_Peter,fortune,1
Peter,fortune,1
lady,list_His,1
lady,leisure,1
it,men,1
it,register_to,1
men,register_to,1
world,society,1
lady,admittance,1
Puncheon,admittance,1
Sir_Peter,pair,1
Peter,pair,1
MR,us,1
Dupe_soon,us,1
me,improvements,1
I,postillion_,1
myself,postillion_,1
edge,postillion_,1
Finchley,postillion_,1
Common,postillion_,1
miles,postillion_,1
town,postillion_,1
men,postillion_,1
I,alternative,1
driver,home,1
I,road,1
I,answer,1
conductor,affairs,1
conductor,friend,1
friend,contents,1
conductor,contents,1
me,England,1
me,conductor,1
conductor,measures,1
conductor,receipt,1
housekeeper,Mr_Mr,1
conductor,letters,1
I,express,1
I,appetite,1
I,mouthfuls,1
it,mind,1
nothing,me,1
I,cabin,1
I,Channel,1
vessel,us,1
me,lad,1
Eliza,accident,1
captain,situation,1
vessel,leak,1
vessel,water,1
I,teeth,1
we,boat,1
I,baggage,1
we,captain,1
Israelite,breath,1
fellow,Moses,1
fellow,box,1
Bl,box,1
eyes,box,1
son,box,1
bitch,box,1
we,Moses,1
we,land,1
I,abode,1
means,relief,1
it,attention,1
learning,learning,1
I,Scotchman,1
Doctor_must,literati,1
Doctor_a,me,1
mark,me,1
condescension,me,1
dispensers,literature,1
words,literature,1
Doctor_utter,word,1
scene,me,1
acquaintance,observation,1
Pomposo,money,1
it,Scotchman,1
prostitute_,Pomposo,1
hireling,Pomposo,1
writer,Pomposo,1
prostitute_would,Pomposo,1
Lord_W,noise,1
W,noise,1
respect,rank,1
mimickry,king,1
ladyship,it,1
ladyship,mind,1
friend,measure,1
baker,thoughts,1
Lord_W,nation,1
W,nation,1
Lord_W,none,1
W,none,1
vices,vices,1
Lord_W,theater,1
W,theater,1
extremes,sash,1
peace,sash,1
war,sash,1
pastor_and,cause,1
leader,cause,1
priest_that,sword,1
priest_that,one,1
priest_,one,1
priest_sell,one,1
Majesty_,example,1
we,example,1
propriety,example,1
conduct,example,1
Bishop,army,1
I,sword,1
I,Brigadier,1
friend,letter,1
vicar,em,1
attention,air,1
Brigadier,air,1
I,government,1
I,wishes,1
alteration,fortune,1
we,fortune,1
money,men,1
want,men,1
disproportion,men,1
Mrs_Saintly,cathedral,1
Saintly,cathedral,1
She,hassock,1
vergers,She,1
father,mystery_,1
receipt,mystery_,1
letter,mystery_,1
porter,blow,1
father,house,1
us,rashness,1
mother,rashness,1
determination,rashness,1
father,rashness,1
mother,determination,1
I,change,1
engagement,subject,1
accident,subject,1
hearing,subject,1
letters,subject,1
me,subject,1
us,subject,1
removal,subject,1
London,subject,1
I,engagement,1
accident,hearing,1
I,convent,1
ladies,I,1
house,I,1
I,danger,1
we,London,1
we,lodging,1
advertisement,me,1
Provider,gentlement,1
methods,use,1
chief,use,1
places,use,1
chancellor,girls,1
chamberlain,girls,1
lord,girls,1
steward_,girls,1
I,attendance,1
we,plenty,1
placeman,apothecaries,1
Ministers_could,Ministers_,1
I,idea,1
I,floor,1
guinea,money,1
we,money,1
tittles,care,1
i,care,1
gentlemen,gentlemen,1
I,sermons,1
bishop,it,1
clergy,clergy,1
I,quantity,1
we,press,1
You,hand,1
I,bread,1
I,fame,1
printers,manuscript,1
criticisms,manuscript,1
SIR,lash,1
author,lash,1
book,lash,1
herewith,lash,1
herewith,volumes,1
adventurers,money,1
authors,it,1
auction,property,1
association,printing,1
men,printing,1
works,printing,1
authors,printing,1
proprietors,prohibition,1
reviews,prohibition,1
artifices,satisfaction,1
